RAZAOSOCIAL;UF;Total_Geral;Media_Trimestral;Desvio_Padrao_Despesas
2CARE OPERADORA DE SAÚDE LTDA.;SP;411890291.78999996;137296763.92999998;72627822.57193086
ABERTTA SAÚDE - ASSOCIAÇÃO BENEFICENTE DOS EMPREGADOS DA ARCELORMITTAL NO BRASIL;MG;380795151.6;126931717.2;66838028.17187122
ADVANCE PLANOS DE SAÚDE LTDA;SP;43161916.91;14387305.636666665;7751227.983077572
AESP ODONTO ASSISTÊNCIA ODONTOLÓGICA S/S LTDA EPP;SP;7053734.99;2351244.9966666666;1349779.4662232883
AFFIX ADMINISTRADORA DE BENEFÍCIOS LTDA;SP;0.0;0.0;0.0
AGROS - INSTITUTO UFV DE SEGURIDADE SOCIAL;MG;153802313.06;51267437.68666667;27770587.106702987
ALICE OPERADORA LTDA.;SP;654594677.14;218198225.71333334;131512122.12051715
ALLIANZ SAÚDE S/A;SP;40487498.09;13495832.696666667;5702199.838694714
ALMA ODONTO OPERADORA DE PLANOS ODONTOLOGICOS LTDA;SP;792655.56;264218.52;121212.61202047375
ALVORECER - ASSOCIAÇÃO DE SOCORROS MÚTUOS;SP;465398684.48;155132894.82666668;78161226.0724695
AMAZÔNIA PLANOS DE SAÚDE LTDA;PA;90607567.52;30202522.506666664;16035352.898447266
AME VVIDA PLANOS DE SAUDE INTEGRADO LTDA.;RO;36574055.19;12191351.729999999;6063002.235167471
AME-ASSISTÊNCIA MÉDICA A EMPRESAS LTDA;MG;14756499.16;4918833.053333334;2440362.2084327685
AMEP FREGUESIA OPERADORA DE PLANO DE SAUDE LTDA;RJ;59139684.9;19713228.3;9869146.524035785
AMEPLAN ASSISTÊNCIA MÉDICA PLANEJADA LTDA;SP;113220482.56;37740160.85333333;18142364.07002126
AMESC - ASSOCIAÇÃO MÉDICA ESPÍRITA CRISTÃ;RJ;177480955.39;59160318.46333333;28380361.38057687
AMHA SAUDE S/A;SP;104644848.76;34881616.25333334;17382705.325629637
AMHE MED ASSISTENCIA A SAUDE LTDA - EPP;SP;120612567.03;40204189.01;30733876.440672435
AMIL ASSISTÊNCIA MÉDICA INTERNACIONAL S.A.;SP;37922963159.46;12640987719.82;6609060086.402223
AMPARA ASSISTÊNCIA MÉDICA PARAÍSO LTDA;MG;54195328.34;18065109.44666667;9364078.080960995
AMPLA PLANOS DE SAUDE LTDA;RJ;474281905.32;237140952.66;77060565.92833683
AMPLITUDE PLANOS DE SAUDE LTDA ;MG;0.0;0.0;0.0
ANAFE SAUDE;GO;81122122.6;27040707.53333333;13889011.91641743
ANGELI SISTEMAS DE SAUDE S.A.;PR;19257623.439999998;6419207.813333333;3543213.9207353424
ARL ADMINISTRADORA DE BENEFÍCIOS LTDA.;SP;5680.0;1893.3333333333333;1639.6747644985371
ASSISTÊNCIA MÉDICA 12 DE OUTUBRO LTDA;SP;696205.41;232068.47;141523.9511463639
ASSISTÊNCIA MÉDICA SÃO MIGUEL LTDA;SP;142014083.89;47338027.96333333;25603408.67441352
ASSOC DE ASSIST À SAÚDE DOS SERV DAS UNIV E INST FED, EST E/OU FAC PART EM PE;PE;4518150.75;1506050.25;610327.6914953234
ASSOCIACAO CIVIL PRÓ-SAÚDE DOS SERVIDORES DA UNIVERSIDADE ESTADUAL DE PONTA GROSSA;PR;13772291.1;4590763.7;2497912.802665345
ASSOCIACAO DE SAUDE HOLAMBRA;SP;19804339.03;6601446.343333334;3704785.928067927
ASSOCIACAO DOS AUDITORES FISCAIS DA RECEITA ESTADUAL DE SAO PAULO;SP;566091712.79;188697237.59666666;100806758.6543536
ASSOCIACAO DOS PROFESSORES UNIVERSITÁRIOS DA BAHIA;BA;44913714.730000004;14971238.243333334;8108971.090889649
ASSOCIACAO DOS SERVIDORES DA EMDAGRO - ASSEM;SE;7771778.41;2590592.803333333;1347632.720469211
ASSOCIACAO POLICIAL DE ASSISTENCIA A SAUDE DE ITAPETININGA;SP;13749839.58;4583279.86;2412452.955833878
ASSOCIACAO POLICIAL DE ASSISTENCIA A SAUDE DE PRESIDENTE PRUDENTE (APAS);SP;27555899.83;9185299.943333333;5015299.08519001
ASSOCIAÇAO DOS FUNCIONARIOS PUBLICOS DO ESTADO DO RIO GRANDE DO SUL;RS;150835034.39;50278344.79666666;25262748.303618636
ASSOCIAÇAO UNISAUDE MARAU;RS;30177843.880000003;10059281.293333335;4993869.075028375
ASSOCIAÇÃO ADVENTISTA NORTE BRASILEIRA DE PREVENÇÃO E ASSISTÊNCIA A SAÚDE;PA;207945240.66;69315080.22;34293831.465501405
ASSOCIAÇÃO ASSISTENCIAL DE SAÚDE SUPLEMENTAR CRUZ AZUL SAÚDE;SP;354986470.53;118328823.50999999;56116603.18400107
ASSOCIAÇÃO BENEFICENTE CATÓLICA;MG;16828337.77;5609445.923333333;2905590.116928358
ASSOCIAÇÃO BENEFICENTE DE ASSISTÊNCIA A SAÚDE DOS JUÍZES DO TRABALHO DA 15ª REGIÃO (ABAS 15);SP;181797246.89;60599082.29666666;31779325.63057411
ASSOCIAÇÃO BENEFICENTE DOS PROFESSORES PÚBLICOS ATIVOS E INATIVOS DO RIO DE JANEIRO - APPAI;RJ;159229813.43;53076604.47666667;29690743.94130263
ASSOCIAÇÃO DA SANTA CASA SAÚDE DE RIBEIRÃO PRETO;SP;207104608.93;69034869.64333333;35238979.465428375
ASSOCIAÇÃO DE ASSISTÊNCIA MÉDICO HOSPITALAR DOS MAGISTRADOS DO ESTADO DO PARANÁ;PR;111974923.48;37324974.49333333;21524049.304901864
ASSOCIAÇÃO DE ASSISTÊNCIA À SAÚDE DA AMAGIS;MG;132683142.21000001;44227714.07;24131208.79344476
ASSOCIAÇÃO DE ASSISTÊNCIA À SAÚDE DOS EMPREGADOS DA COPASA;MG;474860715.21;158286905.07;81409655.3526047
ASSOCIAÇÃO DE BENEFICÊNCIA E FILANTROPIA SÃO CRISTOVÃO;SP;1002972985.6199999;334324328.53999996;170809745.84725922
ASSOCIAÇÃO DE SAÚDE DO VALE;SC;122362738.43;40787579.47666667;23433126.93379574
ASSOCIAÇÃO DE SAÚDE DOS FORNECEDORES DE CANA DE PIRACICABA E REGIÃO;SP;115422240.27000001;38474080.09;20917279.659327045
ASSOCIAÇÃO DE SAÚDE PORTUGUESA DE BENEFICÊNCIA;SP;504677174.07;168225724.69;88270085.51009306
ASSOCIAÇÃO DO FISCO DE ALAGOAS;AL;69725674.6;23241891.53333333;13649836.842403192
ASSOCIAÇÃO DO PLANO DE SAÚDE DA SANTA CASA DE MISERICÓRDIA DE ITABUNA - PLANSUL;BA;105439253.91999999;35146417.97333333;17782645.949017864
ASSOCIAÇÃO DOS AUDITORES FISCAIS DA RECEITA ESTADUAL DO RIO DE JANEIRO;RJ;50207864.92;16735954.973333335;8409846.416635813
ASSOCIAÇÃO DOS AUDITORES FISCAIS DO ESTADO DA PARAÍBA - AFRAFEP;PB;78567423.02000001;26189141.00666667;13507131.278968086
ASSOCIAÇÃO DOS EMPREGADOS DA COMPANHIA ESTADUAL DE HABITAÇÃO E OBRAS PÚBLICAS - ASSEC;SE;45557752.58;15185917.526666665;8266588.398235579
ASSOCIAÇÃO DOS FISCAIS DE TRIBUTOS ESTADUAIS DO RS - AFISVEC;RS;4599453.970000001;1533151.3233333335;977421.4765159696
ASSOCIAÇÃO DOS FUNCIONÁRIOS DO FISCO DO ESTADO DE GOIÁS;GO;77522620.19;25840873.396666665;14034458.296135595
ASSOCIAÇÃO DOS FUNCIONÁRIOS FISCAIS DO ESTADO DO AMAZONAS - AFFEAM;AM;19492540.62;6497513.54;4192113.2456745673
ASSOCIAÇÃO DOS SERVIDORES FISCAIS DO ESTADO DA BAHIA;BA;174773620.18;58257873.39333334;31100419.57946835
ASSOCIAÇÃO DOS SERVIDORES MUNICIPAIS, ESTADUAIS E FEDERAIS DO RIO DE JANEIRO;RJ;18606757.95;6202252.649999999;3581081.5828938647
ASSOCIAÇÃO DOS SERVIDORES PÚBLICOS DA ADMINISTRAÇÃO DIRETA DO GOVERNO DO ESTADO DO PARÁ - ASPARÁ;PA;9552825.16;3184275.053333333;1602332.623143046
ASSOCIAÇÃO DR. BARTHOLOMEU TACCHINI;RS;385500393.99;128500131.33;72427685.84577434
ASSOCIAÇÃO EVANGELICA BENEFICENTE DE LONDRINA;PR;374050199.85;124683399.95;68745363.06122851
ASSOCIAÇÃO FCA SAÚDE;MG;233950300.90000004;77983433.63333334;43285575.07399286
ASSOCIAÇÃO FUNDO DE PROTEÇÃO À SAÚDE;PR;87200555.69;29066851.896666665;15377205.361695958
ASSOCIAÇÃO GOIANA DO MINISTÉRIO PÚBLICO;GO;40906531.97;13635510.656666666;7183223.185171991
ASSOCIAÇÃO HOSPITAL SAÚDE DE VARGEM GRANDE DO SUL;SP;8465552.530000001;2821850.8433333337;1326845.9546535546
ASSOCIAÇÃO MAIS SAÚDE SANTA CASA DE SÃO JOÃO DA BOA VISTA;SP;96593314.10000001;32197771.36666667;18627201.708368357
ASSOCIAÇÃO MINEIRA DE ASSISTÊNCIA À SAÚDE DOS MEMBROS DO MINISTÉRIO PÚBLICO;MG;108597203.43;36199067.81;19630937.3841875
ASSOCIAÇÃO PADRE ALBINO SAÚDE;SP;179748132.62;59916044.20666667;35702714.649512485
ASSOCIAÇÃO PADRE PIO PLANOS DE SAÚDE;SP;4125857.67;1375285.89;685047.4234154877
ASSOCIAÇÃO PARANAENSE DE ASSISTÊNCIA À SAUDE DOS MEMBROS DO MINISTERIO PUBLICO DO PARANÁ;PR;67536650.31;22512216.77;11362052.473717513
ASSOCIAÇÃO PETROBRAS DE SAÚDE - APS;RJ;8147006607.32;2715668869.1066666;1468199485.1621141
ASSOCIAÇÃO PLANO DE SAÚDE SANTA CASA DE VALINHOS;SP;51019148.81999999;17006382.939999998;9018794.760186488
ASSOCIAÇÃO POLICIAL DE ASSISTENCIA A SAUDE DE BOTUCATU;SP;7090575.779999999;2363525.26;1570425.820315525
ASSOCIAÇÃO POLICIAL DE ASSISTENCIA À SAUDE DE SAO JOAO DA BOA VISTA;SP;17438805.79;5812935.263333333;3107695.2601152263
ASSOCIAÇÃO POLICIAL DE ASSISTÊNCIA A SAÚDE;SP;22827004.36;7609001.453333333;3961347.848015887
ASSOCIAÇÃO POLICIAL DE ASSISTÊNCIA A SAÚDE DA BAIXADA SANTISTA;SP;42196759.14;14065586.38;6900907.147541856
ASSOCIAÇÃO POLICIAL DE ASSISTÊNCIA À SAÚDE;SP;116683970.15;12964885.572222224;11152989.495225912
ASSOCIAÇÃO POLICIAL DE ASSISTÊNCIA À SAÚDE - VALE DO RIBEIRA;SP;7547536.949999999;2515845.65;1176148.4566079355
ASSOCIAÇÃO POLICIAL DE ASSISTÊNCIA À SAÚDE APAS;SP;7526202.5600000005;2508734.186666667;871828.9618359617
ASSOCIAÇÃO POLICIAL DE ASSISTÊNCIA À SAÚDE DE ARAÇATUBA (APAS);SP;43619201.239999995;14539733.746666664;7284326.016238618
ASSOCIAÇÃO POLICIAL DE ASSISTÊNCIA À SAÚDE DE BARRETOS;SP;10199327.129999999;3399775.7099999995;1689447.151518818
ASSOCIAÇÃO POLICIAL DE ASSISTÊNCIA À SAÚDE DE BAURU;SP;91766703.82;30588901.27333333;16206192.366144337
ASSOCIAÇÃO POLICIAL DE ASSISTÊNCIA À SAÚDE DE DRACENA;SP;9715658.100000001;3238552.7000000007;1888484.9133608406
ASSOCIAÇÃO POLICIAL DE ASSISTÊNCIA À SAÚDE DE JAÚ;SP;7696399.380000001;2565466.4600000004;1144971.7457217749
ASSOCIAÇÃO POLICIAL DE ASSISTÊNCIA À SAÚDE DE PRESIDENTE VENCESLAU;SP;9814844.02;3271614.6733333333;1682442.249207324
ASSOCIAÇÃO POLICIAL DE ASSISTÊNCIA À SAÚDE DE RIBEIRÃO PRETO (APAS);SP;53001580.42999999;17667193.476666663;9022774.911292834
ASSOCIAÇÃO SANTA CASA CLÍNICAS DE BIRIGUI;SP;42018281.78;14006093.926666668;7432135.345503948
ASSOCIAÇÃO SANTA CASA SAÚDE DE ARAÇATUBA;SP;153753344.78;51251114.92666667;27512323.35359254
ASSOCIAÇÃO SANTA CASA SAÚDE DE SÃO JOSÉ DOS CAMPOS;SP;824036648.8700001;274678882.9566667;144495334.0220548
ASSOCIAÇÃO SANTA SAÚDE;SP;562059047.99;187353015.99666667;98584650.51629433
ASSOCIAÇÃO SAÚDE CONCEIÇÃO;SC;45491923.230000004;15163974.410000002;8254343.329035545
ASSOCIAÇÃO SAÚDE RURAL ALEGRETE;RS;9219814.32;3073271.44;1910728.5920275918
ASSOCIAÇÃO SAÚDE SÃO JOSÉ;SC;100029178.72999999;33343059.576666664;18433439.495013546
ASSOCIAÇÃO SERVIÇOS ODONTOLÓGICOS DA INDÚSTRIA DE MINAS GERAIS - ODONTOINDUSTRIA;MG;3896791.72;1298930.5733333335;713295.1443642305
ASSOCIAÇÃO SÃO FRANCISCO VIDA;SP;212704208.55;70901402.85000001;38802113.24643846
ASSOCIAÇÃO SÃO LUIZ SAÚDE;SP;91717430.84;30572476.94666667;14525579.18220299
ASSOCIAÇÃO UNIVIDA SANTA RITA DO PASSA QUATRO;SP;12663879.91;4221293.303333334;2093032.0629881334
ASSOCIAÇÃO VALEPARAIBANA DE ASSISTÊNCIA MÉDICA POLICIAL;SP;34974160.339999996;11658053.446666665;4763812.605522804
ATIMED ASSISTENCIA MEDICA LTDA;SP;0.0;0.0;0.0
ATITUDE SAÚDE ASSISTÊNCIA MEDICA LTDA;BA;26869399.240000002;8956466.413333334;5328734.892221309
ATÍVIA SERVIÇOS DE SAÚDE S/A;SP;41183754.04;20591877.02;4548378.640356314
AURORA SAÚDE LTDA;MG;30269982.009999998;10089994.003333332;6338541.0971020935
AUSTACLINICAS ASSISTÊNCIA MÉDICA E HOSPITALAR LTDA;SP;422421220.8;140807073.6;72378127.50308773
BCI ADMINISTRADORA DE BENEFÍCIOS LTDA.;SP;0.0;0.0;0.0
BEMSTAR ASSISTENCIA MEDICA LTDA;BA;916748.1100000001;305582.70333333337;99498.91165725654
BENEFICENCIA CAMILIANA DO SUL;SP;209505152.72;104752576.36;54954110.92620881
BENEFICENCIA SOCIAL BOM SAMARITANO;MG;6255717.28;2085239.0933333335;1257569.6906557523
BENSAUDE PLANO DE ASSISTENCIA MEDICA HOSPITALAR LTDA.;SP;515754947.37;171918315.79;86996499.58845314
BEST SENIOR OPERADORA DE SAÚDE LTDA;ES;117719337.13;39239779.04333333;23112618.678361118
BIO SAÚDE SERVIÇOS MÉDICOS LTDA;SP;36947461.650000006;12315820.550000003;5503753.0245704055
BIORAL SISTEMA ODONTOLÓGICO LTDA.;SP;0.0;0.0;0.0
BIOVIDA SAÚDE LTDA.;SP;401604330.65999997;133868110.21999998;68233643.05827911
BIT LIFE BENEFÍCIOS LTDA;SP;0.0;0.0;0.0
BLUZZ SAÚDE S/A;ES;2432983.38;810994.46;696813.099069973
BRADESCO SAÚDE - OPERADORA DE PLANOS  S/A;SP;8943310696.55;2981103565.5166664;1590870494.7204628
BRADESCO SAÚDE S.A.;RJ;71643287335.93;23881095778.64333;12558966894.14082
BRASIL ODONTO OPERADORA DE PLANOS ODONTOLÓGICOS LTDA;TO;1242569.19;414189.73;174059.08646069843
BRASILDENTAL OPERADORA DE PLANOS ODONTOLÓGICOS S.A.;SP;63563719.97;21187906.656666666;11188085.212950991
CABERJ INTEGRAL SAÚDE S.A;RJ;262487545.66000003;87495848.55333334;44664494.033641964
CAIXA ASSISTENCIAL E BENEFICENTE DOS FUNCIONÁRIOS DA ACARESC;SC;180707625.1;60235875.03333333;30668829.967473492
CAIXA ASSISTENCIAL UNIVERSITARIA DO RIO DE JANEIRO;RJ;19661734.36;6553911.453333333;3267206.056882041
CAIXA ASSISTENCIAL UNIVERSITÁRIA DO RIO GRANDE DO NORTE;RN;114005958.82;38001986.27333333;19951101.448354073
CAIXA BENEFICENTE DOS FUNCIONARIOS DO BANCO DO ESTADO DE SÃO PAULO;SP;2041637535.1799998;680545845.06;365380915.61094016
CAIXA BENEFICENTE DOS FUNCIONÁRIOS DO GRUPO IGUAÇU;PR;11444007.2;3814669.0666666664;1842932.8645257903
CAIXA DE ASSISTENCIA A SAUDE DA UNIVERSIDADE;MG;222509215.08999997;74169738.36333333;39404706.46177536
CAIXA DE ASSISTENCIA DOS SERVIDORES DO ESTADO DE MATO GROSSO DO SUL;MS;1416432005.6100001;472144001.87000006;239342930.83372286
CAIXA DE ASSISTÊNCIA AOS MEMBROS DA DEFENSORIA PÚBLICA DO ESTADO DO RIO DE JANEIRO;RJ;86611416.5;28870472.166666668;16276610.677002534
CAIXA DE ASSISTÊNCIA DO SINDFISCO - CASSIND;SE;36330123.129999995;12110041.043333331;6637033.555225478
CAIXA DE ASSISTÊNCIA DOS EMPREGADOS DA EMPRESA BRASILEIRA DE PESQUISA  AGROPECUÁRIA;DF;361657949.45000005;120552649.81666668;66514130.06082567
CAIXA DE ASSISTÊNCIA DOS EMPREGADOS DA SANEAGO;GO;157382827.88;52460942.626666665;27034657.72623613
CAIXA DE ASSISTÊNCIA DOS EMPREGADOS DO BANCO DO ESTADO DO RIO GRANDE DO SUL;RS;462970464.78999996;154323488.26333332;84617304.57286216
CAIXA DE ASSISTÊNCIA DOS EMPREGADOS DO BANEB;BA;72669812.09;24223270.69666667;12578577.854019854
CAIXA DE ASSISTÊNCIA DOS EMPREGADOS DO BANESE;SE;53148231.400000006;17716077.133333337;8972219.923580598
CAIXA DE ASSISTÊNCIA DOS EMPREGADOS DO SETOR PÚBLICO DO ESTADO DE GOIÁS - CAEME;GO;8604321.32;2868107.106666667;1630996.6748184357
CAIXA DE ASSISTÊNCIA DOS EMPREGADOS DO SISTEMA FINANCEIRO BANESTES;ES;136502854.01999998;45500951.339999996;23451878.973275214
CAIXA DE ASSISTÊNCIA DOS FUNCIONÁRIOS DO BANCO DA AMAZÔNIA - CASF;PA;103629830.36000001;34543276.78666667;14816823.978525925
CAIXA DE ASSISTÊNCIA DOS FUNCIONÁRIOS DO BANCO DO BRASIL;DF;13009950395.0;4336650131.666667;2291670079.840285
CAIXA DE ASSISTÊNCIA DOS FUNCIONÁRIOS DO BANCO DO NORDESTE DO BRASIL;CE;1036854566.0799999;345618188.6933333;182733759.76491222
CAIXA DE ASSISTÊNCIA DOS MAGISTRADOS DE PERNAMBUCO;PE;67106647.43000001;22368882.47666667;12255688.782323295
CAIXA DE ASSISTÊNCIA DOS SERVIDORES FAZENDÁRIOS ESTADUAIS;CE;167108484.68;55702828.22666667;28038681.767093655
CAIXA DE ASSISTÊNCIA OSWALDO CRUZ;RJ;284519634.69;94839878.23;49656694.51865219
CAIXA DE ASSISTÊNCIA SISTEMA SAÚDE INTEGRAL-SSI SAUDE;RS;90539084.03;30179694.676666666;17075554.000550598
CAIXA DE ASSISTÊNCIA À SAUDE DOS EMPREGADOS DA CODEVASF - CASEC;DF;113371198.47;37790399.49;16733345.69759034
CAIXA DE ASSISTÊNCIA À SAÚDE - CABERJ;RJ;446775438.92999995;148925146.30999997;77927546.67479604
CAIXA DE ASSISTÊNCIA À SAÚDE DO SINDICATO DOS FUNCIONÁRIOS INTEGRANTES DO GRUPO OCUPACIONAL ADMINISTRAÇÃO TRIBUTÁRIA DO ESTADO DE PERNAMBUCO;PE;107477510.28999999;35825836.76333333;19510258.70161918
CAIXA DE ASSISTÊNCIA À SAÚDE DOS SERVIDORES PÚBLICOS DO ESTADO DO MATO GROSSO DO SUL;MS;158227074.42000002;52742358.14000001;27936545.475336317
CAIXA DE ASSISTÊNCIA À SAÚDE DOS TRABALHADORES NAS INDÚSTRIAS METALÚRGICAS, MECÂNICAS E DO MATERIAL ELÉTRICO DE BRUSQUE;SC;21480416.27;7160138.756666667;3902330.1236411068
CAIXA DE PREVIDÊNCIA E ASSISTÊNCIA DOS SERVIDORES DA FUNDAÇÃO NACIONAL DE SAÚDE - CAPESESP;RJ;544873028.4;181624342.79999998;90121184.33694051
CAIXA SEGURADORA ESPECIALIZADA EM SAÚDE S/A;SP;3383135.48;1127711.8266666667;754597.771234028
CAMIM OPERADORA DE PLANO DE SAÚDE LTDA;RJ;6841382.25;2280460.75;1128243.6088234968
CARE PLUS MEDICINA ASSISTENCIAL LTDA.;SP;3256505345.29;1085501781.7633333;595243124.2679814
CARE PLUS ODONTOLOGIA ASSISTENCIAL LTDA.;SP;28359822.29;9453274.096666666;7336332.882904141
CARING SAÚDE ASSISTÊNCIA MÉDICA LTDA.;RJ;9487688.25;3162562.75;1712180.8319073173
CASA DE SAÚDE NOSSA SENHORA DE FÁTIMA  LTDA.;CE;1808567.0;602855.6666666666;323921.37658131385
CEAM BRASIL - PLANOS DE SAÚDE LTDA;MG;10193863.57;10193863.57;0.0
CEDPLAN SAÚDE LTDA EPP;MG;13368158.0;4456052.666666667;2373155.84733972
CEMIG SAÚDE;MG;966542440.7900001;322180813.5966667;166455383.80565462
CENTRAL REGIONAL DAS COOPERATIVAS MÉDICAS - UNIMED CERRADO;GO;218104275.57999998;72701425.19333333;36786009.61464216
CENTRO CLÍNICO GAÚCHO LTDA;CE;707729718.13;235909906.04333332;125758216.37266445
CENTRO DE ENDOCRINOLOGIA DE JUNDIAÍ S/S LTDA;SP;3722610.83;1240870.2766666666;615079.9130499549
CENTRO HOSPITALAR ATIBAIA LTDA.;SP;179642797.77;59880932.59;33557210.80752036
CENTRO TRASMONTANO DE SAO PAULO;SP;1204969704.83;401656568.27666664;210117099.799335
CIRCULO OPERARIO CAXIENSE;RS;429463961.84000003;143154653.9466667;74931241.58638422
CLINIPAM CLINICA PARANAENSE DE ASSISTENCIA MEDICA LTDA;CE;1272350800.94;424116933.6466667;229307789.84808508
CLÍNICA SÃO GABRIEL S/S LTDA;SP;201170.7;67056.90000000001;45012.33926429841
COMSEDER - COOPERATIVA DE ASSISTÊNCIA MÉDICA DOS SERVIDORES DA SUPLAN E DO DER LTDA;PB;12937593.76;4312531.253333333;2204129.161793703
CONFERÊNCIA SÃO JOSÉ DO AVAÍ;RJ;75505113.0;25168371.0;14843311.829838175
CONFIANÇA ASSISTÊNCIA MÉDICO HOSPITALAR LTDA;MG;17141595.19;5713865.0633333335;3053577.746283987
COOPERATIVA CENTRAL UNIMED DE COOPERATIVAS DE ASSISTÊNCIA À SAÚDE DO RIO GRANDE DO SUL LTDA.;RS;684052573.49;228017524.49666667;120866951.37053272
COOPERATIVA DE TRABALHO MEDICO DE ARAGUAÍNA - UNIMED ARAGUAÍNA;TO;138704209.04;46234736.346666664;24219442.170565747
COOPERATIVA DE TRABALHO MEDICO REGIÃO DO PLANALTO SERRANO;SC;189163181.48000002;63054393.826666676;34578247.58284796
COOPERATIVA DE TRABALHO MÉDICO DE POUSO ALEGRE;MG;601181910.28;200393970.09333333;109570906.09866184
COOPERATIVA DE TRABALHO MÉDICO DO PLANALTO NORTE DE SANTA CATARINA LTDA;SC;128215391.16;42738463.72;21718726.57669765
COOPERATIVA DE TRABALHO ODONTOLOGICO - UNIODONTO ITAJUBÁ;MG;4776336.3;1592112.0999999999;897662.1421948291
COOPERATIVA DOS USUÁRIOS DE SERVIÇOS DE SAÚDE DO VALE DO RIO DOS SINOS LTDA;RS;37957621.89;12652540.63;6391730.462173605
COOPERATIVA DOS USUÁRIOS DE SERVIÇOS DE SAÚDE LTDA.;RS;35178256.1;11726085.366666667;6594056.438245368
COOPERATIVA ODONTOLÓGICA DO ESTADO DO AMAPÁ;AP;7181263.69;2393754.5633333335;1274831.0467604876
COOPERATIVA ODONTOLÓGICA POÇOS DE CALDAS;MG;8894821.29;2964940.4299999997;1460557.248471901
CROWN ODONTOLOGIA DE GRUPO LTDA;SP;1643257.91;547752.6366666666;299845.9531438036
DENTAL CENTER LTDA;PB;7151462.48;2383820.8266666667;1236720.0226995626
DENTAL GOLD ASSISTÊNCIA ODONTOLÓGICA LTDA.;PB;5397842.31;1799280.7699999998;885163.7732296982
DENTAL MASTER LTDA - EPP;AL;6436806.1;2145602.033333333;1054120.8163836263
DENTAL PLUS CONVÊNIO ODONTOLÓGICO LTDA.;SP;5464937.220000001;1821645.7400000002;985243.6375772897
DENTAL UNI - COOPERATIVA ODONTOLÓGICA;PR;92725327.44;30908442.48;16290764.469061371
DENTALPAR ASSISTÊNCIA ODONTOLÓGICA EMPRESARIAL LTDA.;SP;7945314.46;2648438.1533333333;1424113.700832853
DESBAN - FUNDAÇÃO BDMG DE SEGURIDADE SOCIAL;MG;34495979.21;11498659.736666666;5927313.705955529
DOCTOR CLIN OPERADORA DE PLANOS DE SAÚDE LTDA.;RS;563202408.78;187734136.26;105064582.84759547
DONA SAÚDE CLINICAS LTDA ;SP;10390655.91;3463551.97;272580.24876457057
ECONOMUS INSTITUTO DE SEGURIDADE SOCIAL;SP;617324370.81;205774790.26999998;113308917.65243314
ELETROS SAÚDE - ASSOCIAÇÃO DE ASSISTÊNCIA À SAÚDE;RJ;144254841.31;48084947.10333333;27079516.788071867
ELITE SAUDE SERVICOS MEDICOS LTDA.;SP;0.0;0.0;0.0
ELOSAÚDE - ASSOCIAÇÃO DE ASSISTÊNCIA À SAÚDE;SC;216174296.74;72058098.91333334;37156421.423130706
ESMALE ASSISTENCIA INTERNACIONAL DE SAUDE LTDA.;AL;130389989.32000001;43463329.77333333;21913579.32877227
ESPLENDOR ADMINISTRADORA DE BENEFÍCIOS LTDA.;DF;0.0;0.0;0.0
EVANGELICO SAUDE LTDA.;PR;37912531.599999994;12637510.533333331;6375720.082229884
EXCELÊNCIA PLANO DE SAÚDE S/A;ES;831396.27;415698.135;539282.5173591401
FEDERAÇÃO DAS COOP ODONTOLÓGICAS DO ESTADO DE SANTA CATARINA;SC;42115563.08;14038521.026666665;7892833.203188426
FEDERAÇÃO DAS SOCIEDADES COOPERATIVAS DE TRABALHO MÉDICO DO ACRE, AMAPÁ, AMAZONAS, PARÁ, RONDONIA E RORAIMA;AM;51261694.46;51261694.46;0.0
FILOSANITAS SAUDE LTDA;SP;47390800.28;15796933.426666668;8870106.082048006
FUNASA SAÚDE;PB;30367580.68;10122526.893333333;5410403.278182214
FUNDACAO CAPITAL PREVIDENCIA E SAUDE - CAPITAL PREV;ES;44582374.95;22291187.475;10515756.49228332
FUNDACAO LEONOR DE BARROS CAMARGO;SP;116706558.4;38902186.13333333;21291826.006320506
FUNDAÇAO COMPESA DE PREVIDENCIA E ASSISTENCIA - COMPESAPREV;PE;191722536.87;63907512.29;35438411.667119846
FUNDAÇÃO AFFEMG DE ASSISTÊNCIA E SAÚDE - FUNDAFFEMG;MG;290975388.44;96991796.14666666;49136722.63098673
FUNDAÇÃO ASSISTENCIAL DOS SERVIDORES DO MINISTÉRIO DA FAZENDA;DF;2264097859.21;754699286.4033333;356183969.7500761
FUNDAÇÃO CELESC DE SEGURIDADE SOCIAL - CELOS;SC;385102402.81;128367467.60333334;70295007.20335315
FUNDAÇÃO CESP;SP;2699198045.07;899732681.69;485767657.08300894
FUNDAÇÃO CHESF DE ASSISTÊNCIA E SEGURIDADE SOCIAL;PE;514631906.24;171543968.74666667;98986861.94455445
FUNDAÇÃO COPEL DE PREVIDÊNCIA E ASSISTÊNCIA SOCIAL;PR;642800138.53;214266712.84333333;112229637.2773954
FUNDAÇÃO DE ASSISTÊNCIA À SAÚDE DA ASSOCIAÇÃO DO MINISTÉRIO PÚBLICO DO RIO GRANDE DO SUL;RS;58421076.129999995;19473692.043333333;11395734.44574216
FUNDAÇÃO DE SAÚDE ITAIGUAPY;PR;173775632.05;57925210.68333334;32356056.485214207
FUNDAÇÃO DE SEGURIDADE SOCIAL DA ARCELORMITTAL BRASIL - FUNSSEST;ES;154395998.75;51465332.916666664;22790437.178114545
FUNDAÇÃO FIAT SAÚDE E BEM ESTAR;MG;243461950.87;81153983.62333333;43612001.610112585
FUNDAÇÃO FILANTRÓPICA E BENEFICENTE DE SAÚDE ARNALDO GAVAZZA FILHO;MG;67182066.50999999;22394022.169999998;11993645.541284151
FUNDAÇÃO LIBERTAS DE SEGURIDADE SOCIAL;MG;101370209.47;33790069.82333333;16874293.869065274
FUNDAÇÃO PLAMHUV - PLANO MÉDICO HOSPITALAR DOS HOSPITAIS UNIDOS DE VIÇOSA;MG;22021778.009999998;7340592.669999999;4248301.858956833
FUNDAÇÃO SANEPAR DE ASSISTÊNCIA SOCIAL;PR;312902056.02;104300685.33999999;53707347.20963958
FUNDAÇÃO SAÚDE ITAÚ;MG;3817544386.81;1272514795.6033332;673745805.5166744
FUNDAÇÃO SÃO FRANCISCO XAVIER;MG;1376207627.65;458735875.8833334;244559712.98977858
FUNDO DE ASSISTÊNCIA MÉDICO-HOSPITALAR DO MINISTÉRIO PÚBLICO;MS;10788738.64;3596246.2133333334;2315968.552059157
FUNDO DE ASSISTÊNCIA À SAÚDE DOS FUNCIONÁRIOS DO BEC;CE;14549612.41;4849870.803333334;2631734.6874478264
G & M ASSESSORIA MEDICA EMPRESARIAL LTDA;RJ;739618.47;246539.49;135567.31487350335
GAMA SAUDE LTDA.;SP;1221993381.0900002;407331127.03000003;184480391.13143384
GARANTIA DE SAÚDE LTDA;SP;132163553.85999998;44054517.953333326;22084507.56043895
GEAP AUTOGESTÃO EM SAÚDE;DF;8611060360.279999;2870353453.4266663;1575556504.2873178
GOCARE PLANOS DE SAUDE LTDA;SP;124817850.15;41605950.050000004;18640828.0964619
GRUPO HOSPITALAR DO RIO DE JANEIRO LTDA;RJ;3526277871.2299995;1175425957.0766666;610581039.0643158
GS PLANO GLOBAL DE SAÚDE LTDA;RJ;75557174.58;25185724.86;13711105.46840596
H.B. SAÚDE S/A.;SP;501016963.58;167005654.52666667;86960228.20670441
HAPVIDA ASSISTENCIA MEDICA S.A.;CE;16490066984.41;5496688994.803333;2950825872.5600953
HBC SAÚDE LTDA.;SP;198288372.63;66096124.21;34837752.39084771
HEALTH ADMINISTRADORA DE BENEFICIOS LTDA;SP;0.0;0.0;0.0
HEALTH-MED SISTEMA DE SAUDE LTDA;RJ;3432498.41;1144166.1366666667;587577.3242454726
HOSPITAIS E CLÍNICAS DO PIAUÍ S/S LTDA;PI;102931097.99000001;34310365.99666667;18102318.02429921
HOSPITAL CESAR LEITE;MG;18433410.83;6144470.276666666;3457572.3949497784
HOSPITAL DE CARIDADE SÃO VICENTE DE PAULO;PR;2552772.79;850924.2633333333;56378.54246150166
HOSPITAL DE PRONTOCLINICA LTDA.;RS;32034317.080000002;10678105.693333333;5358820.199134368
HOSPITAL MATERNIDADE SÃO VICENTE DE PAULO;CE;0.0;0.0;0.0
HOSPITAL S.P. LTDA.;RS;17254605.509999998;5751535.169999999;2816500.111574606
HSMED SAUDE LTDA;RJ;5819063.140000001;1939687.7133333336;1048441.6937308799
HUMANA SAÚDE LTDA.;PR;620485163.21;206828387.73666668;102198138.69370566
HUMANA SAÚDE NORDESTE LTDA. ;PI;1589461626.53;529820542.1766667;278507673.53587914
INFINITY SAÚDE SUPLEMENTAR LTDA;MT;1520550.8800000001;506850.2933333334;364756.33860910416
INNOVA PLANO DE SAUDE LTDA;RO;1723509.58;861754.79;783899.2281616452
INSTITUIÇÃO BENEFICENTE CEL MASSOT - IBCM;RS;98913688.97;32971229.656666666;19591672.371346157
INSTITUTO CURITIBA DE SAÚDE;PR;707166666.27;235722222.09;129114404.1474296
INTEGRA ASSISTENCIA MEDICA SA;SP;416455711.71999997;138818570.57333332;55840532.3401889
INTERCLINICAS PLANO VIDA USA OPERADORA DE SAUDE LTDA;SP;0.0;0.0;0.0
INTERMEDICI PIRACICABA ASSISTENCIA MEDICA LTDA;SP;71072227.51;23690742.503333334;13276239.38216688
IRMANDADE DA SANTA CASA DE MISERICORDIA DE LIMEIRA;SP;132507259.47999999;44169086.49333333;23379829.367653314
IRMANDADE DA SANTA CASA DE MISERICÓRDIA DE PASSOS;MG;87298069.50999999;29099356.50333333;15139318.97844622
IRMANDADE DA SANTA CASA DE MISERICÓRDIA DE PIRACICABA;SP;323476234.39;107825411.46333332;63168525.06827894
IRMANDADE DA SANTA CASA DE MISERICÓRDIA DE RIO CLARO;SP;185035529.25;61678509.75;34455778.393020496
IRMANDADE DA SANTA CASA DE MISERICÓRDIA E MATERNIDADE DONA ZILDA SALVAGNI;SP;46880520.58;15626840.193333333;8102396.69680799
IRMANDADE DE MISERICORDIA DE PORTO FERREIRA;SP;73679846.01999998;24559948.67333333;13559791.720210068
IRMANDADE DE MISERICÓRDIA DO HOSPITAL DA SANTA CASA DE MONTE ALTO;SP;89978220.51;29992740.17;15833081.010405075
IRMANDADE SANTA CASA DE MISERICÓRDIA DE MARINGÁ;PR;221043528.29;73681176.09666666;39962671.52255214
ITAUSEG SAÚDE S.A.;SP;500979057.33000004;166993019.11;84774739.80909668
KLINI PLANOS DE SAÚDE LTDA;RJ;433143044.13;144381014.71;82003466.66263051
LEADER ASSISTÊNCIA MÉDICA E HOSPITALAR LTDA.;SP;85394287.78;28464762.593333334;12785512.197185388
LEVE SAUDE OPERADORA DE PLANOS DE SAUDE S.A;RJ;594170543.44;198056847.81333336;113185072.62628081
LIFE EMPRESARIAL SAÚDE LTDA.;SP;322517470.51;107505823.50333333;60386866.054156415
LIV LINHAS INTELIGENTES DE ATENÇÃO À VIDA S/A;SP;338240105.26;112746701.75333333;59514384.78865237
LIVRI OPERADORA DE PLANO DE SAÚDE LTDA;SP;310429.39;103476.46333333333;49493.95300155398
LUMINAR SAÚDE - ASSOCIAÇÃO DE ASSISTÊNCIA À SAÚDE;DF;300436903.0;100145634.33333333;45540617.88911095
MAIS SAUDE S/A;ES;35975543.97;17987771.985;12771161.987509737
MAIS SAÚDE PLANO DE SAÚDE LTDA;GO;76270201.63;25423400.543333333;14238726.285600243
MATÃO CLINICAS & AMHMA SAÚDE LTDA;SP;119066504.45999998;39688834.81999999;20132653.463798642
MED-TOUR ADMINISTRADORA DE BENEFÍCIOS E EMPREENDIMENTOS LTDA.;SP;236903882.86;78967960.95333333;41153071.056344405
MEDGOLD ASSISTENCIA MEDICA LTDA - ME;MG;14138316.02;4712772.006666667;2466619.4424886913
MEDHEALTH PLANOS DE SAÚDE LTDA;PR;7981289.16;2660429.72;1317689.350535824
MEDIC GLOBAL PLANOS DE SAÚDE LTDA.;MG;14479551.6;4826517.2;2970039.210812032
MEDISERVICE OPERADORA DE PLANOS DE SAÚDE S.A.;SP;2368947454.24;789649151.4133333;440483874.00552434
METLIFE PLANOS ODONTOLÓGICOS LTDA.;SP;148106532.03;49368844.01;25525957.99669377
METRUS INSTITUTO DE SEGURIDADE SOCIAL;SP;565962629.13;188654209.71;98035618.99222876
MH VIDA - OPERADORA DE PLANOS DE SAÚDE LTDA;RJ;5756567.96;1918855.9866666666;1105581.4479995377
MÚTUA DOS MAGISTRADOS DO ESTADO DO RIO DE JANEIRO;RJ;253746936.16000003;84582312.05333334;46154381.26538448
NACIONAL ODONTO OPERADORA DE PLANOS ODONTOLÓGICOS LTDA.;PE;26549343.14;8849781.046666667;4567155.181177491
NEXO - ADMINISTRADORA DE BENEFICIOS LTDA;SP;0.0;0.0;0.0
NOSAMED ASSISTÊNCIA MÉDICA LTDA.;SP;12553463.870000001;4184487.956666667;2212651.9435122823
NOSSA SAÚDE - OPERADORA PLANOS PRIVADOS DE ASSISTÊNCIA  À SAÚDE LTDA.;PR;389411514.5;129803838.16666667;66648800.792114675
NOTRE DAME INTERMÉDICA MINAS GERAIS SAÚDE S.A.;CE;1824093137.41;608031045.8033334;328550858.320708
NOTRE DAME INTERMÉDICA SAÚDE S.A.;SP;16727305803.550003;5575768601.183334;3051970594.318819
NOVA SAÚDE OPERADORA INTEGRADA DE SAÚDE LTDA;RJ;131535372.09;43845124.03;27061037.492661662
NOVODENTE S/A;RS;1671197.8399999999;1671197.8399999999;0.0
ODILE SERVIÇOS DE SAÚDE LTDA.;SP;1893381.6099999999;631127.2033333333;329382.8224812041
ODONT-OPERADORA ODONTOLOGICA LTDA;SP;6056431.23;2018810.4100000001;1106502.2848168605
ODONTO EMPRESAS CONVENIOS DENTARIOS LTDA.;SP;22015664.16;7338554.72;3926989.9154394134
ODONTO PRIME S/S LTDA;CE;937985.75;312661.9166666667;162963.57635988368
ODONTO SEG OPERADORA DE PLANOS ODONTOLOGICOS S.A.;SP;3113047.63;1037682.5433333333;463466.1511998379
ODONTOART PLANOS ODONTOLÓGICOS LTDA;CE;8797925.7;2932641.9;1541825.4870729728
ODONTOGROUP SISTEMA DE SAÚDE LTDA.;DF;20738109.91;6912703.303333334;3842514.6179357856
ODONTOLIVE OPERADORA DE PLANOS ODONTOLÓGICOS LTDA.;SP;5423270.4799999995;1807756.8266666664;1015118.31009996
ODONTOPREV S/A;SP;1366590137.49;455530045.83;242717937.54570836
OESTE SAÚDE ASSISTÊNCIA A SAÚDE SUPLEMENTAR S.A;SP;159275545.73000002;53091848.576666676;29285767.039776128
OMINT SERVIÇOS DE SAÚDE S.A.;SP;3656967732.8500004;1218989244.2833335;665779154.7369071
ON MED ASSISTÊNCIA MÉDICA LTDA;RS;22312156.950000003;7437385.650000001;5611434.635257682
OPERADORA DE PLANOS PRIVADOS DE SAÚDE - SANTA CASA SAÚDE LTDA;MS;72487211.88;24162403.959999997;12724273.075176945
OPERADORA UNICENTRAL DE PLANOS DE SAÚDE LTDA.;SP;151654074.6;50551358.199999996;22664751.332724337
OPERADORA UNIESTE DE PLANOS DE SAÚDE LTDA;RJ;277385890.86;92461963.62;54388341.21778427
OPLAN SAÚDE OPERADORA DE PLANO DE SAÚDE LTDA;RJ;16788737.68;5596245.893333334;3123787.218443449
ORALE ASSISTÊNCIA ODONTOLÓGICA LTDA;BA;13352251.06;4450750.3533333335;2234590.510327955
PARANA ASSISTENCIA MEDICA LTDA;PR;135447617.94;45149205.98;24483031.600806475
PASA - PLANO DE ASSISTENCIA A SAUDE DO APOSENTADO DA VALE;RJ;861311663.06;287103887.68666667;149169729.2639124
PB ASSISTENCIA MEDICA EU LTDA;BA;38001110.99;12667036.996666668;8022668.529937127
PD BRASIL ASSISTENCIA ODONTOLOGICA LTDA;MG;2647549.59;882516.5299999999;564182.0830413433
PERSONAL CARE OPERADORA DE SAÚDE SA;SP;11577951.899999999;5788975.949999999;1555240.0984680613
PESSOAL SAÚDE PLANOS DE ASSISTÊNCIA MÉDICA LTDA;SP;36502126.28;12167375.426666668;6317419.920629269
PLADISA PLANOS DE SAÚDE SA;SC;122312021.64;40770673.88;20801711.939376302
PLAMED PLANO DE ASSISTENCIA MEDICA LTDA;SE;121171687.28999999;40390562.43;21484829.50057211
PLAMEDH - PLANO DE ASSISTÊNCIA MÉDICO-HOSPITALAR LTDA;MG;968119.5700000001;484059.78500000003;136912.77976085374
PLAMER PLANO MEDICO RESENDE LTDA;RJ;50798694.83;16932898.276666667;7576717.482635786
PLAMESC PLANOS DE SAÚDE LTDA;RJ;14977119.5;4992373.166666667;2449722.9573120466
PLANO ASSISTENCIAL SÃO LUCAS LTDA;MG;15686824.989999998;5228941.663333333;2731331.1898028217
PLANO DE ASSISTÊNCIA MÉDICA MINEIRA LTDA;MG;6838203.42;2279401.14;1490514.887987313
PLANO DE ASSISTÊNCIA ODONTOLÓGICA FAUCHARD LTDA. ME;BA;4026955.7199999997;1342318.5733333332;716330.4855104467
PLANO DE SAUDE ASES LTDA.;RJ;86378293.46000001;28792764.48666667;14746744.032538272
PLANO DE SAÚDE ANA COSTA LTDA.;SP;409904251.53;136634750.51;69345761.55476862
PLANO DE SAÚDE DA SANTA CASA DE BRAGANÇA PAULISTA;SP;274135701.62;91378567.20666666;46223195.149214946
PLANO HOSPITAL SAMARITANO LTDA;SP;759537714.58;253179238.19333336;130571906.05217323
PLANO ODONTOLÓGICO DENTALVIDAS LTDA.;SP;64964948.84;21654982.94666667;12121597.975893391
PLANO SIGMA SAÚDE LTDA;SP;758538.0;379269.0;3980.601056147204
PLANO VIDA SAUDE SERVIÇOS ODONTOLOGICOS LTDA;SE;7526338.46;2508779.486666667;1464933.7856250533
PLENA SAÚDE S.A.;SP;340423575.81;113474525.27;58032025.32566966
PLENUM ASSISTENCIA MEDICA  LTDA;DF;9685780.09;4842890.045;2198251.48952987
POLI SAUDE OPERADORA DE PLANO DE SAUDE LTDA;PR;61136771.16;20378923.72;11136447.933836581
POLICLIN SAÚDE S/A.;SP;244554496.44;81518165.48;41615852.567565955
POLIMÉDICA SAÚDE SOCIEDADE SIMPLES LTDA;RS;756570.72;252190.24;124582.43107803883
PORTO DIAS SAUDE LTDA.;PA;4432422.66;1477474.22;882861.2222870038
PORTO SEGURO - SEGURO SAÚDE S/A;SP;9318007384.83;3106002461.61;1690565878.1735413
PORTOMED - PORTO SEGURO SERVIÇOS DE SAUDE LTDA;SP;13431081.71;4477027.236666667;4501132.34280191
POSTAL SAÚDE CAIXA DE ASSISTÊNCIA E SAÚDE DOS EMPREGADOS DOS CORREIOS;DF;3421419413.09;1140473137.6966667;589268366.604135
PRESERVE SAUDE ASSISTENCIA MEDICA LTDA;BA;8573334.14;2857778.046666667;1369237.847903835
PREVENT SENIOR CORPORATE OPERADORA DE SAÚDE LTDA.;SP;3823838.36;1274612.7866666666;550344.0855256751
PREVENT SENIOR PRIVATE OPERADORA DE SAÚDE LTDA;SP;8787984939.05;2929328313.0166664;1512188669.0214539
PREVIDENT ASSISTÊNCIA ODONTOLÓGICA S.A;SP;57278051.49;19092683.830000002;9707801.075152265
PRIMA VIDA ODONTOLOGIA DE GRUPO LIMITADA;RJ;15498256.75;5166085.583333333;2492014.3302031546
PRO-SAUDE JARINU ASSISTENCIA MEDICA SUPLEMENTAR LTDA.;SP;0.0;0.0;0.0
PROASA SAÚDE;DF;343886362.8;114628787.60000001;65548019.520944335
PROMÉDICA - PROTEÇÃO MEDICA A EMPRESAS S.A.;BA;456661887.08000004;152220629.02666667;75427067.55149147
PRONTO SOCORRO CONDE DE MOREIRA LIMA;SP;15426760.370000001;5142253.456666667;2871674.9334141635
PRONTOCLINICA E HOSPITAIS SAO LUCAS S/A;MG;48067308.74;16022436.246666668;8843109.18333664
PRONTOMED PLANOS DE SAÚDE LTDA;MG;116706968.18;38902322.72666667;20875095.510315653
QUALIDONTO - QUALIDADE EM ODONTOLOGIA LTDA ;BA;3343566.5;1114522.1666666667;691953.5374421717
QUALLITY PRÓ SAÚDE PLANO DE ASSISTÊNCIA MÉDICA LTDA.;DF;551319495.39;183773165.13;90379526.67997241
R.M.I. OPERADORA DE SAÚDE INTEGRADA LTDA;SP;22021317.659999996;11010658.829999998;3401098.4677087036
REAL GRANDEZA - FUNDAÇÃO DE PREVIDÊNCIA E ASSISTÊNCIA SOCIAL;RJ;771384340.81;257128113.60333332;139729092.9857256
RIO DOCE SAÚDE;ES;26517170.42;8839056.806666667;4779324.645368952
RODRIGUES LEIRA ODONTOLOGIA LTDA.;SP;7163032.18;2387677.393333333;1297687.6381675904
S.P.A SAUDE- SISTEMA DE PROMOÇÃO ASSISTENCIAL;SP;334958240.17;111652746.72333334;57515709.825578496
S1 OPERADORA DE PLANO DE SAÚDE LTDA;DF;13040620.310000002;4346873.436666667;2434049.8786987355
SAGRADA SAÚDE ASSISTÊNCIA MÉDICA LTDA;MG;117168.13;39056.043333333335;37723.4329504306
SALUPLAN ADMINISTRADORA DE BENEFÍCIOS LTDA;SP;0.0;0.0;0.0
SALUSMED OPERADORA DE PLANOS DE SAUDE LTDA;SP;4560392.5600000005;1520130.8533333335;1076757.0331119974
SAME-SERVIÇO DE ASSISTÊNCIA MÉDICA EMPRESARIAL LTDA.;MA;2050555.54;683518.5133333333;327500.484075838
SAMEDIL SERVIÇOS DE ATENDIMENTO MÉDICO S/A;ES;2281170899.68;760390299.8933333;429462683.84111327
SAMEL PLANO DE SAÚDE LTDA;AM;576070572.51;192023524.17;100795527.63641329
SAMI ASSISTÊNCIA MÉDICA LTDA;SP;141655650.89;47218550.29666666;23199727.39658324
SAMIG - SERV. DE ASSISTENCIA MEDICA DA ILHA DO GOVERNADOR LTDA;RJ;6683049.84;2227683.28;739487.7898854994
SAMOC S.A. - SOCIEDADE ASSISTENCIAL MÉDICA E ODONTO CIRÚRGICA;RJ;91474158.13;30491386.043333333;15887752.128434265
SAMP ESPIRITO SANTO ASSISTENCIA MEDICA SA;ES;1280953066.78;426984355.5933333;222524014.37165746
SANTA CASA DA MISERICÓRDIA DE SÃO JOÃO DEL REI;MG;1999603.9;666534.6333333333;312239.5326631681
SANTA CASA DE MAUÁ SAÚDE;SP;147531900.01;49177300.00333333;26063205.146320548
SANTA CASA DE MISERICORDIA DE SAO JOAQUIM DA BARRA;SP;108971377.58;36323792.52666666;19679810.40118506
SANTA CASA DE MISERICORDIA HOSPITAL SÃO VICENTE;SP;42439862.32;14146620.773333333;7380047.9374649115
SANTA CASA DE MISERICÓRDIA DE JUIZ DE FORA;MG;277292881.06;92430960.35333334;50432794.56116233
SANTA CASA DE MISERICÓRDIA DE TUPÃ;SP;13162549.870000001;4387516.623333334;2066464.5887358927
SANTA CASA DE MISERICÓRDIA DE VOTUPORANGA;SP;75500407.37;25166802.456666667;13191699.14857531
SANTA CASA DE MISERICÓRDIA E ASILO DOS POBRES DE BATATAIS;SP;6132821.08;2044273.6933333334;972694.6877296972
SANTA CASA DE MISERICÓRDIA E BENEFICÊNCIA PORTUGUESA;SP;33129026.43;11043008.81;6592488.168065804
SANTA CASA DE SAÚDE - SCS;ES;28484463.98;9494821.326666666;5622975.590589805
SANTA HELENA ASSISTÊNCIA MÉDICA S/A.;SP;1378040344.6599998;459346781.5533333;236373508.5389611
SAUDE PAS - MEDICINA E ODONTO;RS;295529575.17;98509858.39;51620189.07671411
SAUDE SALV ASSISTENCIA MEDICA LTDA;RO;35715.45;35715.45;0.0
SAUDE VIVA ADMINISTRADORA DE BENEFICIOS LTDA;SP;0.0;0.0;0.0
SAUDIA ASSISTENCIA MÉDICA LTDA;MG;692189.02;230729.67333333334;162391.29811831244
SAÚDE BRASIL ASSISTÊNCIA MÉDICA LTDA.;SP;76487958.58;25495986.19333333;13379400.642157955
SAÚDE BRB - CAIXA DE ASSISTÊNCIA ;DF;253162734.59;84387578.19666667;45314027.20925338
SAÚDE SANTA TEREZA LTDA.;SP;153604162.91;51201387.63666666;27371526.027625397
SBC SAÚDE LTDA.;SP;47302717.37;15767572.456666665;7709744.253395491
SD-M OPERADORA DE PLANOS DE SAUDE LTDA;RJ;6579997.8;2193332.6;1174657.9838305176
SELECT OPERADORA DE PLANO DE SAUDE LTDA;GO;172977941.45999998;57659313.81999999;48705825.41825956
SEMPRE ODONTO PLANOS ODONTOLOGICOS LTDA;RJ;9188019.85;3062673.283333333;1572192.6464035045
SEPACO SAÚDE LTDA;SP;7607293.029999999;2535764.3433333333;1392656.6824003598
SERMED-SAÚDE LTDA.;SP;333058760.64;111019586.88;57270358.51425143
SERV  SOCIAL AUTÔNOMO DE ASSIST À SAÚDE DOS SERV PÚBLICOS E MILITARES DE GOIÁS;GO;3072319062.36;1536159531.18;464082649.0722433
SERVDONTO - PLANO DE ASSISTÊNCIA ODONTOLÓGICA LTDA;SE;13105521.54;4368507.18;2328842.740278373
SERVIÇO SOCIAL DA INDÚSTRIA DO PAPEL, PAPELÃO E CORTIÇA DO ESTADO DE SÃO PAULO - SEPACO;SP;448229393.58;149409797.85999998;80074555.43405859
SF SISTEMAS DE SAÚDE LTDA;SP;52972915.620000005;17657638.540000003;10807027.755085416
SIM - CAIXA DE ASSISTÊNCIA À SAÚDE;SC;224108530.81;74702843.60333334;40126695.42521058
SINDIFISCO NACIONAL - SINDICATO NACIONAL DOS AUDITORES-FISCAIS DA RECEITA FEDERAL DO BRASIL;DF;903060646.79;301020215.59666663;151834293.73121336
SISTEMA PREVSAUDE DENTAL LTDA;CE;1906012.7799999998;635337.5933333333;311057.9310132973
SISTEMA TOTAL DE SAÚDE LTDA.;SP;16042399.78;5347466.593333333;2732935.585217585
SISTEMAS E PLANOS DE SAÚDE LTDA.;SP;103937544.18;34645848.06;17743743.473902527
SMART CARE SISTEMAS MÉDICOS E ODONTOLÓGICOS LTDA.;SP;572922.1;286461.05;0.0
SOBAM CENTRO MÉDICO HOSPITALAR S.A.;SP;568667252.36;189555750.78666666;95421498.99032119
SOCIEDADE BENEFICENTE DEZOITO DE JULHO;MG;46245657.620000005;15415219.206666669;8187413.967364646
SOCIEDADE DE ASSISTÊNCIA MÉDICA - SAMEISA;RS;20678070.35;6892690.116666667;3544480.6538288207
SOCIEDADE PORTUGUESA DE BENEFICÊNCIA;RS;35498555.13;11832851.71;6449849.052728767
SOCIODONTO PLANO DE ASSISTÊNCIA ODONTOLÓGICA LTDA;MG;62434.93;31217.465;35711.756232384454
SORRIDEN CONVÊNIOS ODONTOLÓGICOS S.A.;SP;1820679.38;606893.1266666666;271307.4658605253
SUL AMERICA COMPANHIA DE SEGURO SAÚDE;RJ;38450201119.619995;12816733706.539999;6773102601.911165
SUL AMÉRICA ODONTOLÓGICO S/A;SP;115320585.09;38440195.03;20064027.266200483
SUL AMÉRICA PARANÁ CLÍNICAS SERVIÇOS DE SAÚDE S.A.;SP;7452452932.960001;2484150977.6533337;1352724018.6602168
SUL DO PARÁ LTDA;PA;20652958.63;6884319.543333333;2323472.092206698
SULMED - ASSISTÊNCIA MÉDICA LTDA;RS;130735624.71000001;43578541.57;22690749.36275343
SV SAUDE ADMINSTRADORES DE PLANO DE SAUDE LTDA;RJ;40958658.870000005;13652886.290000001;7560966.747953677
SÃO DOMINGOS SAÚDE- ASSISTÊNCIA MÉDICA  LTDA;SP;107464992.25;35821664.083333336;20033401.428595465
SÃO FRANCISCO ASSISTÊNCIA MÉDICA LTDA;PE;97870907.35;32623635.78333333;17180874.33377676
SÃO LUCAS SAÚDE S/A;SP;307697011.49;102565670.49666667;51449172.45160657
TELOS - FUNDAÇÃO EMBRATEL DE SEGURIDADE SOCIAL;RJ;11861210.63;3953736.876666667;2514534.3681989424
TEMPO MED PLANO DE SAUDE LTDA;SC;133639690.18;44546563.39333334;24730626.847102128
TERRAMAR ADMINISTRADORA DE PLANO DE SAUDE LTDA;BA;53745153.35;17915051.116666667;10024228.679924821
TOTAL ASSISTÊNCIA MÉDICA HOSPITALAR LTDA;MG;29199042.189999998;9733014.063333333;7298674.066410752
TOTAL SAUDE  ADMINISTRADORA DE BENEFICIOS EIRELI;ES;0.0;0.0;0.0
TRINO - ALIANCA FILANTRÓPICA DE ASSISTÊNCIA E INTEGRAÇÃO PARA O DESENVOLVIMENTO DA SAUDE;ES;42990769.08;14330256.36;8039130.622835187
UNIC ASSISTENCIA MEDICA LTDA;SP;0.0;0.0;0.0
UNIDENTIS ASSISTENCIA ODONTOLOGICA LTDA.;PB;29196064.2;9732021.4;4891956.78207011
UNIHOSP SAÚDE LTDA;SP;241133786.26;80377928.75333333;41477873.67142926
UNIMED - COOPERATIVA DE SERVIÇOS DE SAÚDE DOS VALES DO TAQUARI E RIO PARDO LTDA.;RS;1226361269.83;408787089.9433333;216012764.15915877
UNIMED ALFENAS COOPERATIVA DE TRABALHO MEDICO;MG;61772509.59;20590836.53;11156826.522770228
UNIMED ALTA MOGIANA COOPERATIVA DE TRABALHO MÉDICO;SP;142700386.35;47566795.449999996;25323649.109469716
UNIMED ALTO DA SERRA - SOCIEDADE COOPERATIVA DE SERVIÇO MÉDICO LTDA.;RS;111356975.03;37118991.67666667;19572909.411469884
UNIMED ALTO JACUÍ/RS - COOPERATIVA DE ASSISTÊNCIA À SAÚDE LTDA;RS;57379224.94;19126408.313333333;9868030.052203884
UNIMED ALTO PARANAIBA COOPERATIVA DE TRABALHO MEDICO;MG;4443728.91;1481242.97;760021.5744719141
UNIMED ALTO SÃO FRANCISCO COOPERATIVA DE TRABALHO MÉDICO;MG;104167332.85;34722444.28333333;18742418.0810595
UNIMED ALTO VALE - COOPERATIVA DE TRABALHO MÉDICO;SC;198536572.72;66178857.57333333;35959020.20456322
UNIMED AMPARO COOPERATIVA DE TRABALHO MÉDICO;SP;486083358.53;162027786.17666665;68060675.8753048
UNIMED ANHANGUERA COOPERATIVA DE TRABALHO MÉDICO;SP;421812132.65;140604044.21666667;69870244.4302866
UNIMED ANÁPOLIS COOPERATIVA DE TRABALHO MÉDICO.;GO;383239157.61;127746385.87;64058958.3967213
UNIMED APUCARANA COOPERATIVA DE TRABALHO MÉDICO;PR;203196053.8;67732017.93333334;35215332.80259655
UNIMED ARAGUARI COOPERATIVA DE TRABALHO MÉDICO ;MG;153614091.69;51204697.23;27009361.58607291
UNIMED ARARUAMA COOPERATIVA DE TRABALHO MÉDICO LTDA;RJ;357011836.07;119003945.35666667;62862607.796999685
UNIMED ARAXÁ COOPERATIVA DE TRABALHO MÉDICO LTDA.;MG;232943637.83;77647879.27666667;41021442.34820388
UNIMED BARBACENA - COOPERATIVA DE TRABALHO MÉDICO LTDA;MG;185785232.10000002;61928410.70000001;33777601.53240829
UNIMED BARRA DO GARÇAS - COOPERATIVA DE TRABALHO MÉDICO;MT;232141467.91;77380489.30333333;40071681.4988162
UNIMED BELO HORIZONTE COOPERATIVA DE TRABALHO MÉDICO;MG;10814932354.9;3604977451.633333;1895567647.005175
UNIMED BELÉM COOPERATIVA DE TRABALHO MÉDICO;PA;2642796979.87;880932326.6233333;443007055.6219664
UNIMED BLUMENAU - COOPERATIVA DE TRABALHO MEDICO;SC;1537900318.19;512633439.3966667;277850275.6171533
UNIMED CABO FRIO COOPERATIVA TRABALHO MÉDICO LTDA.;RJ;223394453.19;74464817.73;39191912.34718752
UNIMED CACERES COOPERATIVA DE TRABALHO MÉDICO ;MT;44039444.05;14679814.683333332;7354962.899122853
UNIMED CAJAZEIRAS - SOCIEDADE COOPERATIVA DE TRABALHO MÉDICO;PB;32674037.79;10891345.93;5732075.83578432
UNIMED CALDAS NOVAS - COOPERATIVA DE TRABALHO MEDICO;GO;53693619.760000005;17897873.253333334;9052767.317615943
UNIMED CAMPINA GRANDE - COOPERATIVA DE TRABALHO MEDICO LTDA;PB;501411831.1;167137277.03333333;88226221.25598103
UNIMED CAMPINAS - COOPERATIVA DE TRABALHO MÉDICO;SP;5704228712.09;1901409570.6966667;1001920626.2186824
UNIMED CAMPO BELO- COOPERATIVA DE TRABALHO MÉDICO;MG;24828891.72;8276297.239999999;4156116.052662871
UNIMED CAMPO GRANDE MS COOPERATIVA DE TRABALHO MÉDICO;MS;1860035163.62;620011721.2066666;324104476.8976997
UNIMED CARATINGA - COOPERATIVA DE TRABALHO MÉDICO LTDA;MG;76638984.24000001;25546328.080000002;13099375.947349586
UNIMED CARUARU-COOPERATIVA DE TRABALHO MEDICO;PE;660596510.69;220198836.89666668;115829036.730419
UNIMED CATAGUASES COOPERATIVA DE TRABALHO MÉDICO LTDA;MG;81613519.28999999;27204506.429999996;14072297.997302357
UNIMED CAÇADOR COOPERATIVA DE TRABALHO MÉDICO DA REGIÃO DO CONTESTADO;SC;110738850.28999999;36912950.096666664;19382736.75073015
UNIMED CENTRO OESTE PAULISTA - FEDERAÇÃO INTRAFEDERATIVA DAS COOPERATIVAS MÉDICAS;SP;359039455.81;119679818.60333334;62878980.99501535
UNIMED CENTRO PAULISTA - FEDERAÇÃO INTRAFEDERATIVA DAS COOPERATIVAS MÉDICAS;SP;117169193.72;39056397.906666666;20123605.589570317
UNIMED CENTRO RONDÔNIA COOPERATIVA DE TRABALHO MÉDICO;RO;449565900.06;149855300.02;79776325.92064834
UNIMED CENTRO SUL FLUMINENSE COOPERATIVA DE TRABALHO MÉDICO;RJ;178983714.82;59661238.27333333;32015044.900600128
UNIMED CHAPECÓ - COOPERATIVA DE TRABALHO MÉDICO DA REGIÃO OESTE CATARINENSE;SC;686290585.6800001;228763528.56000003;122869410.14051643
UNIMED CONSELHEIRO LAFAIETE COOPERATIVA DE TRABALHO MÉDICO LTDA;MG;323356443.3;107785481.10000001;57459295.90520729
UNIMED COSTA DO DESCOBRIMENTO COOPERATIVA DE TRABALHO MÉDICO;BA;272333358.45;90777786.14999999;48831538.52168541
UNIMED COSTA OESTE - COOPERATIVA DE TRABALHO MÉDICO;PR;438340783.27;146113594.42333332;80566975.5631768
UNIMED COSTA VERDE RJ;RJ;109226275.75999999;36408758.586666666;17316771.73105202
UNIMED CUIABA COOPERATIVA DE TRABALHO MÉDICO;MT;2526344752.54;842114917.5133333;423454722.0248154
UNIMED CURITIBA - SOCIEDADE COOPERATIVA DE MÉDICOS;PR;7287356351.07;2429118783.69;1300156190.6275945
UNIMED CURVELO COOPERATIVA DE TRABALHO MÉDICO LTDA.;MG;240898987.53;80299662.51;42187970.59257084
UNIMED DE ADAMANTINA-COOPERATIVA DE TRABALHO MÉDICO;SP;57156270.84;19052090.28;9945257.463068863
UNIMED DE ANDRADINA - COOPERATIVA DE TRABALHO MÉDICO;SP;116411325.68;38803775.22666667;21388060.97596818
UNIMED DE ARACATUBA - COOPERATIVA DE TRABALHO MÉDICO;SP;557867365.38;185955788.46;93134714.92768505
UNIMED DE ARARAQUARA - COOP. DE TRAB. MÉDICO;SP;724964660.11;241654886.70333335;126733279.83986609
UNIMED DE ASSIS COOPERATIVA DE TRABALHO MÉDICO;SP;295485274.93;98495091.64333333;50406155.81266524
UNIMED DE AVARÉ COOPERATIVA DE TRABALHO MÉDICO;SP;109521397.28999999;36507132.43;19076219.326137386
UNIMED DE BARRA MANSA SOC. COOP. SERV.MED.E HOSPIT.;RJ;261983928.84;87327976.28;47751819.869056724
UNIMED DE BARRETOS COOPERATIVA DE TRABALHO MÉDICO;SP;80819958.63;26939986.209999997;14858384.886756007
UNIMED DE BATATAIS - COOPERATIVA DE TRABALHO MÉDICO;SP;14365604.989999998;4788534.996666666;2631477.1417353153
UNIMED DE BAURU COOPERATIVA DE TRABALHO MÉDICO;SP;1330766702.29;443588900.7633333;235387731.12415224
UNIMED DE BEBEDOURO COOPERATIVA DE TRABALHO MÉDICO;SP;374458105.65;124819368.55;66159810.892123885
UNIMED DE BIRIGUI - COOPERATIVA DE TRABALHO MÉDICO;SP;106107221.63;35369073.876666665;18631084.513835773
UNIMED DE BOTUCATU COOPERATIVA DE TRABALHO MÉDICO;SP;395832459.77;131944153.25666666;68429697.34383291
UNIMED DE BRUSQUE COOPERATIVA DE TRABALHO MÉDICO;SC;257527593.43;85842531.14333333;34294773.68281797
UNIMED DE CAMPOS COOPERATIVA DE TRABALHO MÉDICO;RJ;516980836.83000004;172326945.61;94035649.89004558
UNIMED DE CAPIVARI -COOPERATIVA DE TRABALHO MÉDICO;SP;86466231.02;28822077.006666664;14970504.753264163
UNIMED DE CASCAVEL COOPERATIVA DE TRABALHO MÉDICO;PR;1186232645.4;395410881.8;207137868.96600404
UNIMED DE CATALÃO COOPERATIVA DE TRABALHO MÉDICO;GO;231564204.51999998;77188068.17333333;40516971.9238197
UNIMED DE CATANDUVA - COOPERATIVA DE TRABALHO MÉDICO;SP;311312452.17;103770817.39;53737329.02369889
UNIMED DE CAÇAPAVA - COOPERATIVA DE TRABALHO MEDICO;SP;202118597.76;67372865.92;36794033.91926479
UNIMED DE CIANORTE - COOPERATIVA DE TRABALHO MEDICO ;PR;42838980871.64;14279660290.546667;21944731.967682086
UNIMED DE CORUMBA COOPERATIVA DE TRABALHO MÉDICO;MS;42482028.050000004;14160676.016666668;8308115.1448069485
UNIMED DE CRICIÚMA COOPERATIVA DE TRABALHO MÉDICO DA REGIÃO CARBONÍFERA;SC;694288015.3299999;231429338.4433333;119202041.75920469
UNIMED DE DOURADOS COOPERATIVA DE TRABALHO MÉDICO LTDA;MS;449101699.79999995;149700566.6;88777889.1685365
UNIMED DE DRACENA - COOPERATIVA DE TRABALHO MÉDICO;SP;62085969.67;20695323.223333333;11219328.165739028
UNIMED DE FORTALEZA SOCIEDADE COOPERATIVA MÉDICA LTDA.;CE;4890682111.65;1630227370.55;852113476.3829451
UNIMED DE GUARATINGUETA-COOPERATIVA DE TRABALHO MÉDICO;SP;137731566.42000002;45910522.14000001;23944204.826920856
UNIMED DE GUARULHOS COOPERATIVA DE TRABALHO MÉDICO;SP;504048014.80999994;168016004.93666664;90308075.90688987
UNIMED DE IBITINGA COOPERATIVA DE TRABALHO MÉDICO;SP;114084890.03;38028296.67666667;19322660.146619465
UNIMED DE JABOTICABAL COOP. DE TRABALHO MÉDICO;SP;169795269.94;56598423.31333333;30556919.595544882
UNIMED DE JATAÍ COOPERATIVA DE TRABALHO MÉDICO LTDA.;GO;35818953.65;11939651.216666667;6616490.493723777
UNIMED DE JOINVILLE COOPERATIVA DE TRABALHO MÉDICO;SC;1388625061.97;462875020.6566667;244709343.51811436
UNIMED DE LENÇOIS PAULISTA - COOPERATIVA DE TRABALHO MÉDICO;SP;193573895.24;64524631.74666667;33410426.534030404
UNIMED DE LIMEIRA COOPERATIVA DE TRABALHO MÉDICO;SP;467828119.41999996;155942706.47333333;82872619.45149127
UNIMED DE LINS - COOPERATIVA DE TRABALHOS MÉDICOS;SP;179323057.85;59774352.61666667;29888143.743029714
UNIMED DE LONDRINA COOPERATIVA DE TRABALHO MÉDICO;PR;2124717331.9799998;708239110.66;373024238.4823858
UNIMED DE LORENA COOPERATIVA DE TRABALHO MÉDICO;SP;167574830.89999998;55858276.96666666;28156387.00740837
UNIMED DE MACAÉ COOPERATIVA DE ASSISTÊNCIA À SAÚDE;RJ;1026452281.01;342150760.33666664;184113010.64372078
UNIMED DE MANAUS COOP. DO TRABALHO MÉDICO LTDA;AM;209773599.43;69924533.14333333;46125571.33825618
UNIMED DE MARILIA COOPERATIVA DE TRABALHO MÉDICO;SP;736183568.45;245394522.8166667;128769657.86862913
UNIMED DE MINEIROS COOPERATIVA DE TRABALHO MÉDICO ;GO;81000994.31;27000331.436666667;14428666.633013675
UNIMED DE MOCOCA COOPERATIVA DE TRAB. MÉDICO;SP;70532702.87;23510900.956666667;12970201.18416956
UNIMED DE MONTE ALTO - COOPERATIVA DE TRABALHO MÉDICO;SP;45907703.20999999;15302567.736666664;7998940.850128062
UNIMED DE OURINHOS - COOPERATIVA DE TRABALHO MÉDICO;SP;275392261.92;91797420.64;47915332.012729794
UNIMED DE PARANAGUÁ COOPERATIVA DE TRABALHO MÉDICO;PR;243445662.56;81148554.18666667;42254146.879368186
UNIMED DE PARANAVAÍ COOPERATIVA DE TRABALHO MÉDICO;PR;212972744.32;70990914.77333333;38501619.81115042
UNIMED DE PENAPOLIS - COOPERATIVA DE TRABALHO MEDICO;SP;40355147.72;13451715.906666666;7486616.42529097
UNIMED DE PINDAMONHANGABA - COOPERATIVA TRABALHO MEDICO;SP;221672264.18;73890754.72666667;38726770.55175402
UNIMED DE PIRACICABA SOCIEDADE COOPERATIVA DE SERVIÇOS MÉDICOS;SP;1308383754.06;436127918.02;225016645.97469527
UNIMED DE PIRASSUNUNGA COOPERATIVA DE TRABALHO MÉDICO;SP;77853885.77;25951295.256666664;14664905.261825738
UNIMED DE PRESIDENTE PRUDENTE COOPERATIVA DE TRAB. MÉDICO;SP;872709694.97;290903231.6566667;160262460.73650324
UNIMED DE REGISTRO COOPERATIVA DE TRABALHO MÉDICO;SP;43718937.15;14572979.049999999;7322330.412864331
UNIMED DE RIBEIRAO PRETO - COOPERATIVA DE TRABALHO MÉDICO;SP;1799860158.8000002;599953386.2666668;317692358.1684924
UNIMED DE RIO CLARO SP COOPERATIVA DE TRABALHO MEDICO;SP;331454071.83;110484690.61;58579751.12313871
UNIMED DE SANTA BÁRBARA D'OESTE E AMERICANA - COOP DE TRABALHO MÉDICO;SP;908017839.35;302672613.1166667;156996090.7704916
UNIMED DE SANTOS COOP DE TRAB MEDICO;SP;1595248889.31;531749629.77;282319146.7997893
UNIMED DE SAO JOSÉ DO RIO PARDO-COOP. DE TRAB. MÉDICO;SP;67524417.62;22508139.206666667;12050089.944265833
UNIMED DE SOBRAL SOCIEDADE COOPERATIVA MÉDICA LTDA;CE;127147663.32;42382554.44;22196159.201101683
UNIMED DE SÃO ROQUE - COOPERATIVA DE TRABALHO MÉDICO;SP;244841888.9;81613962.96666667;44638815.96302107
UNIMED DE TATUI - COOPERATIVA DE TRABALHO MÉDICO;SP;170017315.58;56672438.52666667;28960163.443258062
UNIMED DE TAUBATÉ COOPERATIVA DE TRABALHO MÉDICO;SP;89639093.62;29879697.873333335;15494023.450770658
UNIMED DE TUBARAO - COOPERATIVA DE TRABALHO MEDICO DA REGIAO DA AMUREL;SC;492513918.83000004;164171306.27666667;89191715.5706464
UNIMED DE TUPA COOPERATIVA DE TRABALHO MÉDICO;SP;80638974.68;26879658.22666667;13718550.16889513
UNIMED DE UBA COOPERATIVA DE TRABALHO MEDICO;MG;91497351.63;30499117.209999997;16845503.4467465
UNIMED DE VOLTA REDONDA COOPERATIVA DE TRABALHO MÉDICO;RJ;891813266.5699999;297271088.8566666;154767579.92042756
UNIMED DIVINOPOLIS - COOPERATIVA DE TRABALHO MEDICO LTDA;MG;1229385850.08;409795283.35999995;228194972.11387378
UNIMED DO CARIRI - SOCIEDADE COOPERATIVA MÉDICA LTDA;CE;389268468.91999996;129756156.30666666;67019394.90794582
UNIMED DO CEARÁ - FEDERAÇÃO DAS SOCIEDADES COOPERATIVAS MÉDICAS DO ESTADO DO CEARÁ LTDA.;CE;563508025.85;187836008.61666667;99929835.96772486
UNIMED DO EST. DO RJ FEDERAÇÃO EST. DAS COOPERATIVAS MÉDICAS;RJ;9178614104.14;3059538034.713333;1294769424.266384
UNIMED DO ESTADO DE SANTA CATARINA FED. EST. DAS COOP. MÉD.;SC;1665888835.33;555296278.4433333;299927915.858498
UNIMED DO ESTADO DE SÃO PAULO - FEDERAÇÃO ESTADUAL DAS COOP. MÉDICAS;SP;3189618521.8199997;1063206173.9399999;566180508.5000625
UNIMED DO ESTADO DO PARANÁ FEDERAÇÃO ESTADUAL DAS COOPERATIVAS MÉDICAS;PR;1666330470.77;555443490.2566667;292957038.8327199
UNIMED DO OESTE DA BAHIA COOPERATIVA DE TRABALHO MÉDICO;BA;30821381.490000002;10273793.83;5301278.379117955
UNIMED DO SUDOESTE COOPERATIVA DE TRABALHO MEDICO LTDA;BA;414029160.28999996;138009720.09666666;68412658.34561262
UNIMED ENCOSTA DA SERRA/RS SOCIEDADE COOPERATIVA DE SERVIÇOS DE SAÚDE LTDA.;RS;278347187.12;92782395.70666666;50608850.13849563
UNIMED ERECHIM - COOPERATIVA DE SERVIÇOS DE SAÚDE LTDA.;RS;190786343.13;63595447.71;32233608.012023192
UNIMED EXTREMO OESTE CATARINENSE COOPERATIVA DE TRABALHO MÉDICO;SC;168228916.82999998;56076305.60999999;27207041.857889865
UNIMED EXTREMO SUL COOPERATIVA DE TRABALHO MÉDICO;BA;245520341.82999998;81840113.94333333;40816253.69625468
UNIMED FRANCA - SOCIEDADE COOPERATIVA DE SERVIÇOS MÉDICOS E HOSPITALARES;SP;651718407.99;217239469.33;115453199.7254915
UNIMED FRANCISCO BELTRAO COOPERATIVA DE TRABALHO MEDICO;PR;15344378397.170002;5114792799.056667;2715449228.3366194
UNIMED FRONTEIRA NOROESTE/RS - COOPERATIVA DE ASSISTÊNCIA À SAÚDE LTDA.;RS;159914657.21;53304885.73666667;28463884.054205764
UNIMED FRUTAL COOPERATIVA DE TRABALHO MEDICO LTDA;MG;75523564.44;25174521.48;12419338.156651983
UNIMED GOIANIA COOPERATIVA DE TRABALHO MÉDICO;GO;4742836706.23;1580945568.743333;809046410.8366001
UNIMED GOVERNADOR VALADARES COOP. DE TRABALHO MÉDICO LTDA.;MG;585652842.8100001;195217614.27;104352356.38353993
UNIMED GRANDE FLORIANÓPOLIS-COOPERATIVA DE TRABALHO MEDICO;SC;3051489061.08;1017163020.36;544615601.1265533
UNIMED GUARAPUAVA COOPERATIVA DE TRABALHO MÉDICO;PR;285268588.82000005;95089529.60666668;51005605.94301716
UNIMED GUAXUPÉ COOPERATIVA DE TRABALHO MEDICO;MG;115926956.74;38642318.913333334;20539669.43770791
UNIMED GURUPI COOPERATIVA DE TRABALHO MÉDICO;TO;89768742.44;29922914.146666665;15122086.472131956
UNIMED INCONFIDENTES COOPERATIVA DE TRABALHO MÉDICO LTDA.;MG;214403997.36;71467999.12;38234242.233379275
UNIMED INTRAFEDERATIVA FEDERAÇÃO REGIONAL SUL DE MINAS;MG;78708982.99;26236327.66333333;14042359.330284147
UNIMED ITABIRA COOPERATIVA DE TRABALHO MÉDICO;MG;174663478.99;58221159.663333334;31225957.306519646
UNIMED ITAJUBA COOPERATIVA DE TRABALHO MEDICO;MG;143614657.64000002;47871552.546666674;26711158.592879817
UNIMED ITAÚNA COOPERATIVA DE TRABALHO MÉDICO LTDA.;MG;142062757.07999998;47354252.35999999;23848302.49636887
UNIMED ITUIUTABA COOPERATIVA TRABALHO MÉDICO LTDA.;MG;144982473.82;48327491.27333333;24492264.634670593
UNIMED JOAO PESSOA - COOPERATIVA DE TRABALHO MÉDICO;PB;1785618270.58;595206090.1933333;310815304.70954555
UNIMED JOÃO MONLEVADE COOPERATIVA DE TRABALHO MÉDICO LTDA.;MG;171835955.68;57278651.89333334;31242786.917269543
UNIMED JUIZ DE FORA COOPERATIVA DE TRABALHO MÉDICO LTDA;MG;1289789725.85;429929908.6166666;223560116.7003044
UNIMED JUNDIAI - COOPERATIVA DE TRABALHO MÉDICO;SP;722296122.81;240765374.26999998;130646790.76468298
UNIMED LAVRAS COOPERATIVA DE TRABALHO MÉDICO;MG;168630712.95999998;56210237.65333333;29704948.954672117
UNIMED LEOPOLDINA COOPERATIVA DE TRABALHO MÉDICO LTDA;MG;58145648.25;19381882.75;11678531.0732327
UNIMED LESTE PAULISTA COOPERATIVA DE TRABALHO MÉDICO;SP;425493863.51;141831287.83666667;71243271.7661843
UNIMED LITORAL COOPERATIVA DE TRABALHO MÉDICO LTDA;SC;1508599621.81;502866540.6033333;271008943.86781913
UNIMED LITORAL SUL/RS - COOPERATIVA DE ASSISTÊNCIA À SAÚDE LTDA.;RS;223570154.43;74523384.81;37525649.36597435
UNIMED MACEIO COOPERATIVA DE TRABALHO MÉDICO;AL;1686350299.48;562116766.4933333;282130814.52147645
UNIMED MACHADO COOPERATIVA DE TRABALHO MEDICO;MG;31791924.61;10597308.203333333;5644545.93983199
UNIMED MARANHÃO DO SUL - COOPERATIVA DE TRABALHO MÉDICO;MA;294146146.97;98048715.65666668;58877962.21456872
UNIMED MARQUES DE VALENÇA COOPERATIVA DE TRABALHO MÉDICO LTDA.;RJ;104614173.87;34871391.29;19398866.11881272
UNIMED MEIO OESTE CATARINENSE COOPERATIVA DE TRABALHO MÉDICO;SC;210583306.85;70194435.61666666;35929801.48756894
UNIMED METROPOLITANA DO AGRESTE - COOPERATIVA DE TRABALHO MÉDICO;AL;237706613.72;79235537.90666667;41510467.70096356
UNIMED MISSÕES/RS - COOPERATIVA DE ASSISTÊNCIA À SAÚDE LTDA.;RS;242992324.54;80997441.51333334;41454808.38509782
UNIMED MONTES CLAROS COOPERATIVA DE  TRABALHO MÉDICO LTDA.;MG;280324396.22;93441465.40666668;45601039.33948638
UNIMED MORRINHOS COOPERATIVA DE TRABALHO MEDICO;GO;25994527.990000002;8664842.663333334;5060742.386136284
UNIMED MURIAÉ COOPERATIVA DE TRABALHO MEDICO LTDA;MG;181048139.37;60349379.79;31537762.221148577
UNIMED NACIONAL - COOPERATIVA CENTRAL;SP;18275387016.019997;6091795672.006665;3237852628.8495145
UNIMED NATAL SOC. COOP. DE TRAB. MÉDICO;RN;1877933401.77;625977800.59;336466017.9017361
UNIMED NORDESTE PAULISTA - FED. INTRAFEDERATIVA DAS COOP. MÉDICAS;SP;286769744.78;95589914.92666666;49893918.483043574
UNIMED NOROESTE CAPIXABA COOPERATIVA DE TRABALHO MÉDICO.;ES;372980757.03000003;124326919.01;65603857.96408897
UNIMED NOROESTE DE MINAS COOPERATIVA DE TRABALHO MEDICO LTDA;MG;83303367.25;27767789.083333332;15264702.001839757
UNIMED NOROESTE DO PARANÁ COOP DE TRABALHO MÉDICO .;PR;190562630.67000002;63520876.89000001;34406675.24477283
UNIMED NOROESTE FLUMINENSE - COOPERATIVA DE TRABALHO MÉDICO LTDA;RJ;103306207.58000001;34435402.52666667;17858639.175494704
UNIMED NOROESTE/RS - SOCIEDADE COOPERATIVA DE ASSISTÊNCIA À SAÚDE LTDA.;RS;373079030.62;124359676.87333333;64372951.49162116
UNIMED NORTE CAPIXABA- COOPERATIVA DE TRABALHO MÉDICO;ES;300129898.21;100043299.40333332;54187644.48128882
UNIMED NORTE DO MATO GROSSO COOPERATIVA DE TRABALHO MÉDICO;MT;865302190.06;288434063.3533333;154010903.9982291
UNIMED NORTE DO PARANÁ COOPERATIVA REGIONAL DE TRABALHO MÉDICO;PR;92651254.48;30883751.493333336;15883691.672267737
UNIMED NORTE FLUMINENSE COOPERATIVA DE TRABALHO MEDICO;RJ;228393727.22;76131242.40666667;41250491.09058222
UNIMED NORTE PAULISTA - COOPERATIVA DE TRABALHO MÉDICO;SP;109861978.62;36620659.54;19416863.687931024
UNIMED NORTE PIONEIRO - COOPERATIVA DE TRABALHO MÉDICO;PR;160537041.37;53512347.123333335;29009401.008100424
UNIMED NORTE/NORDESTE-FEDERAÇÃO INTERFEDERATIVA DAS SOCIEDADES COOPERATIVAS DE TRABALHO MÉDICO EM RECUPERAÇÃO JUDICIAL;PB;6701479.03;2233826.3433333333;1090902.6502767992
UNIMED NOVA FRIBURGO-SOC.COOP.SERV.MED.HOSP.LTDA.;RJ;752207841.3199999;250735947.10666665;127774449.92197205
UNIMED NOVA IGUACU COOPERATIVA DE TRABALHO MEDICO;RJ;595709818.48;198569939.49333334;104243687.6271309
UNIMED OESTE DO PARANA - COOPERATIVA DE TRABALHO MEDICO;PR;195730127.96999997;65243375.98999999;34855528.97897106
UNIMED OESTE DO PARÁ - COOPERATIVA DE TRABALHO MÉDICO;PA;136042176.96;45347392.32;22217947.817041576
UNIMED OS BANDEIRANTES COOPERATIVA DE TRABALHO MÉDICO;SP;181384044.44;60461348.14666667;28518424.704999954
UNIMED PALMAS COOPERATIVA DE TRABALHO MÉDICO;TO;354453954.42;118151318.14;59347043.88834597
UNIMED PARAIBA - FEDERAÇAO DAS SOCIEDADES COOPERATIVAS DE TRABALHO MEDICO;PB;6666.950000000001;2222.316666666667;1963.0181113360452
UNIMED PARÁ DE MINAS COOPERATIVA DE TRABALHO MÉDICO LTDA.;MG;183760263.69;61253421.23;32600262.398769062
UNIMED PATO BRANCO SOCIEDADE COOPERATIVA DE MÉDICOS;PR;344545690.28;114848563.42666666;59207302.69390557
UNIMED PATOS - COOPERATIVA DE TRABALHO MÉDICO;PB;47638550.4;15879516.799999999;8681858.529611778
UNIMED PATOS DE MINAS COOPERATIVA TRABALHO MÉDICO LTDA.;MG;537912183.0999999;179304061.0333333;93465229.93819238
UNIMED PATROCÍNIO COOPERATIVA DE TRABALHO MÉDICO LTDA.;MG;114894954.68;38298318.22666667;20383931.624303825
UNIMED PELOTAS/RS - COOPERATIVA DE ASSISTÊNCIA À SAÚDE LTDA.;RS;404185353.53999996;134728451.17999998;72367743.34489162
UNIMED PETROPOLIS-RJ COOPERATIVA DE TRABALHO MÉDICO;RJ;273656791.48;91218930.49333334;46959849.93368458
UNIMED PLANALTO CENTRAL/RS - COOPERATIVA DE ASSISTÊNCIA  À SAÚDE LTDA.;RS;67858629.53;22619543.176666666;13029308.949246725
UNIMED PLANALTO MÉDIO/RS - COOPERATIVA DE ASSISTÊNCIA À SAÚDE LTDA.;RS;446502909.64;148834303.21333334;78201733.24389853
UNIMED PONTA GROSSA COOPERATIVA DE TRABALHO MEDICO;PR;791837590.44;263945863.48000002;138756367.0082112
UNIMED PONTAL DO TRIÂNGULO - COOPERATIVA DE TRABALHO MÉDICO;MG;77308063.03999999;25769354.346666664;13149641.160956133
UNIMED PONTE NOVA COOPERATIVA DE TRABALHO MEDICO LTDA;MG;36813536.46;12271178.82;6691887.549083196
UNIMED PORTO ALEGRE - COOPERATIVA MÉDICA LTDA.;RS;7767246231.79;2589082077.2633333;1372735203.2079358
UNIMED PORTO VELHO - SOCIEDADE COOPERATIVA MÉDICA LTDA;RO;496331225.61;165443741.87;89392295.53956209
UNIMED POÇOS DE CALDAS - SOC. COOP. DE TRAB. E SERVIÇOS MÉDICOS;MG;320425757.77000004;106808585.92333335;57249087.29980894
UNIMED RECIFE COOPERATIVA DE TRABALHO MÉDICO;PE;3497074427.17;1165691475.7233334;610674500.2926426
UNIMED REGIONAL DA BAIXA MOGIANA - COOPERATIVA DE TRABALHO MÉDICO;SP;662819716.8100001;220939905.60333335;113830149.20458922
UNIMED REGIONAL DE CAMPO MOURÃO COOP TRAB MEDICO ;PR;301885916.90999997;100628638.96999998;53451371.51270097
UNIMED REGIONAL DE FLORIANO - COOPERATIVA DE TRABALHO MÉDICO;PI;41384636.01;13794878.67;7062721.590283231
UNIMED REGIONAL DE PICOS - COOPERATIVA DE TRABALHO MÉDICO;PI;20973384.560000002;6991128.186666667;3585578.888784668
UNIMED REGIONAL DE TRES LAGOAS COOPERATIVA DE TRABALHO MÉDICO;MS;188020547.32;62673515.77333333;33696531.98064581
UNIMED REGIONAL JAU - COOPERATIVA DE TRABALHO MÉDICO;SP;407513373.48;135837791.16;69207550.35088858
UNIMED REGIONAL MARINGÁ COOP.DE TRABALHO MÉDICO;PR;1828738726.31;609579575.4366666;324669401.57745266
UNIMED REGIONAL SUL GOIAS COOP. DE TRABALHO MÉDICO LTDA;GO;206845760.49;68948586.83;36468922.188615546
UNIMED REGIÃO DA CAMPANHA/RS - COOPERATIVA DE ASSISTÊNCIA À SAÚDE LTDA.;RS;61631205.8;20543735.266666666;11427026.712793462
UNIMED REGIÃO DA FRONTEIRA - RS COOPERATIVA DE ASSISTÊNCIA À SAÚDE LTDA.;RS;44732045.26;14910681.753333332;8003673.550235295
UNIMED REGIÃO DA PRODUÇÃO/RS - COOPERATIVA DE ASSISTÊNCIA À SAÚDE LTDA;RS;61158874.580000006;20386291.526666667;11159124.807914922
UNIMED RESENDE COOPERATIVA DE TRABALHO MÉDICO;RJ;234999631.78;78333210.59333333;42412762.790596336
UNIMED RIO BRANCO COOPERATIVA DE TRABALHO MEDICO LTDA;AC;315566972.19;105188990.73;52615454.06290842
UNIMED RIO VERDE COOPERATIVA TRABALHO MEDICO;GO;466765207.54999995;155588402.51666665;102936728.10187568
UNIMED RONDONOPOLIS COOPERATIVA DE TRABALHO MÉDICO LTDA;MT;516725247.41999996;172241749.14;89532540.55022103
UNIMED SALTO/ITU - COOPERATIVA MÉDICA;SP;527328330.83000004;175776110.27666667;88769879.10193199
UNIMED SANTA MARIA/RS - COOPERATIVA DE ASSISTÊNCIA À SAÚDE LTDA;RS;624225185.75;208075061.91666666;105707950.23379476
UNIMED SAO JOSE DOS CAMPOS - COOPERATIVA DE TRABALHO MEDICO;SP;1297802391.65;432600797.2166667;226362942.7440618
UNIMED SAO JOSÉ DO RIO PRETO - COOP. DE TRABALHO MÉDICO;SP;2789923261.21;929974420.4033333;485784511.0845005
UNIMED SAÚDE E ODONTO S.A;SP;138033964.54;46011321.51333333;25378688.08743691
UNIMED SEGUROS SAÚDE S/A;SP;8962666998.67;2987555666.2233334;1615387672.745791
UNIMED SERGIPE - COOPERATIVA DE TRABALHO MÉDICO;SE;1086000365.6;362000121.8666666;182089558.35351396
UNIMED SERRA GAUCHA/RS COOPERATIVA DE ASSISTENCIA A SAUDE LTDA;RS;1834609400.98;611536466.9933333;326048596.7076851
UNIMED SOROCABA COOPERATIVA DE TRABALHO MÉDICO;SP;1728389543.87;576129847.9566666;308779367.3002195
UNIMED SOUSA - COOPERATIVA DE TRABALHO MÉDICO;PB;20159402.14;6719800.713333334;3139208.1536314907
UNIMED SUDOESTE DE MINAS COOPERATIVA DE TRABALHO MÉDICO;MG;91792631.9;30597543.96666667;17297627.719963565
UNIMED SUDOESTE PAULISTA COOPERATIVA DE TRABALHO MÉDICO;SP;39214581.22;13071527.073333332;7571043.918872438
UNIMED SUL CAPIXABA COOPERATIVA DE TRABALHO MÉDICO;ES;767673113.63;255891037.87666667;133640779.7082386
UNIMED SUL PAULISTA - COOPERATIVA DE TRABALHO MÉDICO;SP;134252990.43;44750996.81;22642686.673850395
UNIMED SÃO CARLOS - COOPERATIVA DE TRABALHO MÉDICO;SP;925522134.03;308507378.01;158937203.4007671
UNIMED SÃO JOÃO DEL REI - COOPERATIVA DE TRABALHO MÉDICO;MG;176066163.94;58688721.31333333;31526869.326849137
UNIMED SÃO JOÃO NEPOMUCENO COOPERATIVA DE TRABALHO MÉDICO LTDA.;MG;32116558.03;10705519.343333334;5772987.221872787
UNIMED SÃO LOURENÇO COOPERATIVA DE TRABALHO MÉDICO;MG;111749913.19;37249971.06333333;18974024.894807007
UNIMED SÃO SEBASTIÃO DO PARAÍSO COOPERATIVA DE TRABALHO MÉDICO;MG;60358599.16;20119533.05333333;10427520.496308774
UNIMED TEOFILO OTONI COOPERATIVA DE TRABALHO MÉDICO;MG;285097430.78999996;95032476.92999999;48765670.244471096
UNIMED TERESINA - COOPERATIVA DE TRABALHO MÉDICO;PI;866290549.8;288763516.59999996;155250385.1151096
UNIMED TRÊS CORAÇÕES COOPERATIVA DE TRABALHO MÉDICO LTDA.;MG;81876413.85;27292137.95;14292137.209385091
UNIMED TRÊS PONTAS - COOPERATIVA DE TRABALHO MÉDICO;MG;46279310.79;15426436.93;8020172.0839227615
UNIMED TRÊS RIOS COOPERATIVA DE TRABALHO MÉDICO;RJ;143732325.45999998;47910775.15333333;24465299.425804775
UNIMED UBERABA COOPERATIVA DE TRABALHO MEDICO LTDA.;MG;821684513.16;273894837.71999997;141472479.47679967
UNIMED UBERLÂNDIA COOPERATIVA REGIONAL TRABALHO MÉDICO LTDA;MG;1714383640.3400002;571461213.4466667;295354882.13376766
UNIMED VALE DAS ANTAS, RS - COOPERATIVA DE ASSISTÊNCIA À SAÚDE LTDA.;RS;136923002.54;45641000.846666664;21581795.71399566
UNIMED VALE DO AÇO COOPERATIVA DE TRABALHO MÉDICO;MG;180208547.61;90104273.805;47490132.12495388
UNIMED VALE DO CARANGOLA COOPERATIVA DE TRABALHO MEDICO LTDA;MG;36011671.03;12003890.343333334;6432916.808604876
UNIMED VALE DO CAÍ/RS - COOPERATIVA DE ASSISTÊNCIA À SAÚDE LTDA.;RS;266791319.82;88930439.94;46068907.365784444
UNIMED VALE DO CORUMBÁ COOPERATIVA DE TRABALHO MEDICO;GO;45236148.47;15078716.156666666;8228986.988915042
UNIMED VALE DO JAURU COOPERATIVA DE TRABALHO MÉDICO;MT;91067136.56;30355712.186666667;14977683.666488053
UNIMED VALE DO PARAÍBA - FEDERAÇÃO INTRAFEDERATIVA DAS COOPERATIVAS MÉDICAS;SP;18509054.79;6169684.93;2327265.314493436
UNIMED VALE DO PIQUIRI-COOPERATIVA DE TRABALHO MÉDICO VALE DO PIQUIRI ;PR;69200216.66;23066738.886666667;12450443.359646574
UNIMED VALE DO SEPOTUBA - COOPERATIVA DE TRABALHO MÉDICO;MT;438937787.05;146312595.68333334;77624961.62619285
UNIMED VALE DO SINOS - COOPERATIVA DE ASSISTÊNCIA À SAÚDE LTDA;RS;925698841.3399999;308566280.44666666;166784344.2153296
UNIMED VALE DO SÃO FRANCISCO COOPERATIVA DE TRABALHO MÉDICO;PE;729235684.1;243078561.36666667;129076419.96943782
UNIMED VALE DO URUCUIA - COOPERATIVA DE TRABALHO MEDICO LTDA;MG;49377059.650000006;16459019.883333335;8633258.79212982
UNIMED VARGINHA COOPERATIVA DE TRABALHO MÉDICO;MG;352741757.2;117580585.73333333;59745502.339946
UNIMED VERTENTE DO CAPARAÓ - COOPERATIVA DE TRABALHO MÉDICO LTDA;MG;68672165.73;22890721.91;11852047.71093433
UNIMED VILHENA - COOPERATIVA DE TRABALHO MEDICO LTDA;RO;80389107.77000001;26796369.25666667;20918003.523242403
UNIMED VITORIA COOPERATIVA DE TRABALHO MEDICO;ES;3579536372.59;1193178790.8633335;638188875.1991522
UNIMED VIÇOSA - COOPERATIVA DE TRABALHO MÉDICO;MG;73730866.4;24576955.46666667;13094909.714933148
UNIMED-RIO COOPERATIVA DE TRABALHO MEDICO DO RIO DE JANEIRO;RJ;65480619.35;65480619.35;0.0
UNIMED-SÃO GONÇALO - NITERÓI - SOC.COOP.SERV.MED E HOSP LTDA;RJ;1772083464.15;590694488.0500001;302241247.3099587
UNIODONTO BELÉM - COOPERATIVA DE ASSISTÊNCIA À SAÚDE ODONTOLÓGICA;PA;45453179.269999996;15151059.756666666;7423319.592224441
UNIODONTO DE AMERICANA COOPERATIVA ODONTOLÓGICA;SP;16444561.430000002;5481520.4766666675;3013181.4989677253
UNIODONTO DE ARARAQUARA COOPERATIVA ODONTOLÓGICA;SP;13161364.940000001;4387121.646666667;2355294.7198478403
UNIODONTO DE CAMPINAS COOPERATIVA ODONTOLÓGICA;SP;127615844.25;42538614.75;22846460.656977095
UNIODONTO DE FORTALEZA COOPERATIVA DE TRABALHO ODONTOLOGICO LTDA;CE;34494408.32;11498136.106666667;5987414.7627988085
UNIODONTO DE JOÃO PESSOA COOPERATIVA ODONTOLÓGICA;PB;21920489.07;7306829.69;3271926.579792234
UNIODONTO DE JUNDIAÍ COOPERATIVA ODONTOLÓGICA;SP;10164785.98;3388261.9933333336;1830236.6773998975
UNIODONTO DE LONDRINA COOP. ODONTOLÓGICA;PR;7397278.67;2465759.5566666666;1325559.4777922982
UNIODONTO DE MANAUS - COOPERATIVA ODONTOLÓGICA LTDA.;AM;21499594.14;7166531.38;3570249.493638083
UNIODONTO DE MATO GROSSO COOP TRAB ODONTOLOGICO LTDA;MT;2884093.3000000003;961364.4333333335;502558.9255272549
UNIODONTO DE PINDAMONHANGABA COOP ODONTOLOGICA;SP;5185037.19;1728345.7300000002;857427.2740297788
UNIODONTO DE PRESIDENTE PRUDENTE COOPERATIVA ODONTOLOGICA;SP;6419617.53;2139872.5100000002;1211166.118839503
UNIODONTO DE SC COOPERATIVA ADMINISTRADORA DE CONTRATOS;SC;29879898.009999998;9959966.003333332;5338529.483066958
UNIODONTO DE SERTAOZINHO SP COOPERATIVA ODONTOLOGICA;SP;5007845.03;2503922.515;813426.2466481108
UNIODONTO DE SOROCABA COOPERATIVA ODONTOLÓGICA;SP;11762346.379999999;3920782.1266666665;2156444.1057092226
UNIODONTO DE SÃO JOSÉ DOS CAMPOS COOPERATIVA DE TRABALHO ODONTOLÓGICO;SP;60168652.93;20056217.643333334;10868732.00984892
UNIODONTO DO BRASIL CENTRAL NACIONAL DAS COOPERATIVAS ODONTÓLOGICAS;SP;21618581.060000002;7206193.686666667;4120016.8576970897
UNIODONTO DO SUL GOIANO COOPERATIVA ODONTOLOGICA;GO;9103393.15;3034464.3833333333;1499004.592955162
UNIODONTO ESPIRITO SANTO COOPERATIVA ODONTOLOGICA;ES;8264768.21;2754922.736666667;1488361.5150759416
UNIODONTO GOIANIA COOPERATIVA DE CIRURGIÕES DENTISTAS;GO;29217103.79;9739034.596666666;5232696.299151341
UNIODONTO JACAREÍ COOPERATIVA ODONTOLÓGICA;SP;8368149.55;2789383.183333333;1503092.2944307355
UNIODONTO MACEIÓ COOPERATIVA ODONTOLÓGICA;AL;29921359.64;9973786.546666667;5241222.672447336
UNIODONTO MARINGA COOPERATIVA ODONTOLOGICA;PR;8210641.69;2736880.5633333335;1466211.611687223
UNIODONTO PAULISTA-FEDERAÇÃO DAS COOPERATIVAS ODONTOLÓGICAS DO ESTADO DE SÃO PAULO;SP;20038530.090000004;6679510.030000001;3620288.5962256626
UNIODONTO PIRACICABA - COOPERATIVA ODONTOLÓGICA;SP;28695001.43;9565000.476666667;5335604.362246315
UNIODONTO PORTO ALEGRE COOPERATIVA ODONTOLOGICA LTDA;RS;29539713.22;9846571.073333332;6057222.551855373
UNIODONTO REGIONAL COOPERATIVA ODONTOLOGICA;MG;31864670.96;10621556.986666666;5798092.316506395
UNIODONTO RS FEDERACAO DAS UNIODONTOS DO RGS LTDA;RS;5205798.61;1735266.2033333334;920710.5263250599
UNIODONTO UBERABA - COOPERATIVA DE ASSISTÊNCIA À SAÚDE ODONTOLÓGICA LTDA;MG;11638219.85;3879406.6166666667;2389840.043986367
UNIODONTO VALE HISTORICO COOPERATIVA ODONTOLOGICA;SP;9818438.74;3272812.9133333336;1856441.8130049126
UNIODONTO/RN - COOPERATIVA ODONTOLOGICA DO RIO GRANDE DO NORTE;RN;29289543.990000002;9763181.33;5206015.96930098
UNITY SERVIÇOS INTEGRADOS DE SAÚDE LTDA.;DF;74783103.03;24927701.01;15483564.704941247
UNIVIDA USA OPERADORA EM SAUDE S/A;SP;0.0;0.0;0.0
UNIX SAÚDE S.A;BA;41840490.339999996;13946830.113333331;7188732.509300715
UNIÃO MÉDICA PLANOS DE SAÚDE S/A;BA;313644582.58000004;104548194.19333334;55074394.14469257
VALE PLANOS DE SAÚDE LTDA;PE;5974993.62;1991664.54;1622478.2210210173
VIDA TOP MAIS SAÚDE OPERADORA DE PLANOS DE SAÚDE LTDA.;SP;30551795.5;10183931.833333334;6392132.759485626
VITA ASSISTÊNCIA A SAÚDE LTDA.;MG;115568137.09;38522712.36333334;31790652.67470546
VIVACOM PLANOS DE SAÚDE;GO;137289222.78;45763074.26;23620808.36850647
VIVENTERIS LTDA;PR;20093462.0;6697820.666666667;3337558.969506037
VOCÊ TOTAL PLANOS DE SAÚDE LIMITADA;SP;12840686.41;6420343.205;2166831.7795354067
YOU ASSISTÊNCIA MÉDICA LTDA.;MG;4701165.29;4701165.29;0.0
ZURICH SANTANDER BRASIL ODONTO LTDA.;SP;800285.81;266761.9366666667;851.7244376166051
ÔNIX OPERADORA DE PLANOS DE SAÚDE LTDA;RJ;4134572.22;1378190.74;813038.7987710087
ÚNICA ASSISTENCIA MEDICA LTDA ;SP;90035865.85;30011955.28333333;16407299.151701882
